词条	声调	词性	读音	中文释义	备注	例句	例句翻译	lesson	bucket
うち	⓪②	名	うち	家，家庭，自己家（家人）	家	うちへ帰る	回家	1	名词·人物职业
おじ	⓪	名	おじ	（伯父）父母的哥哥；（叔父）父母的弟弟	伯父・叔父	おじは銀行につとめています	叔叔在银行上班	1	名词·人物职业
おじいさん	②	名	おじいさん	祖父；外公；对年长男性的昵称	お祖父さん・お爺さん	おじいさんは元気ですか？	爷爷，你好吗？	1	名词·人物职业
おじさん	⓪	名	おじさん	叔叔，伯伯；对其他成年男性的昵称	伯父さん・叔父さん	昨日おじさんに会いました	昨天我见了叔叔	1	名词·人物职业
おば	⓪	名	おば	（伯母）父母的姐姐；（叔母）父母的妹妹	伯母・叔母	おばは大阪に住んでいます	阿姨住在大阪	1	名词·人物职业
おばあさん	②	名	おばあさん	祖母；外婆；对年长女性的昵称		あなたのおばあさんはお元気ですか	您的祖母身体好吗？	1	名词·人物职业
おばさん	⓪	名	おばさん	婶婶，阿姨；对其他成年女性的昵称	伯母さん・叔母さん	おばさん一家が遊びに来ました	阿姨一家人来玩了	1	名词·人物职业
お兄さん	②	名	おにいさん	哥哥；对年轻男子的称呼		あなたのお兄さんは何歳？	你的哥哥几岁？	1	名词·人物职业
お姉さん	②	名	おねえさん	姐姐；对年轻女子的称呼		昨日、あなたのお姉さんに会ったよ	昨天我见到你姐姐了	1	名词·人物职业
お母さん	②	名	おかあさん	妈妈，母亲		彼女はもうお母さんになったよ	她已经做母亲了	1	名词·人物职业
お父さん	②	名	おとうさん	爸爸；父亲		お父さんは会社員です	爸爸是公司职员	1	名词·人物职业
医者	⓪	名	いしゃ	医生		私は医者に相談した	我咨询了医生	1	名词·人物职业
奥さん	①	名	おくさん	您妻子，夫人，太太		昨日、君の奥さんに会ったよ	昨天我见到你太太了	1	名词·人物职业
家族	①	名	かぞく	家族，家属		何人家族ですか	你们家有几口人？	1	名词·人物职业
課長	⓪	名	かちょう	课长，处长		課長に昇進する	晋升为课长	1	名词·人物职业
トイレ	①	名	toilet	卫生间，厕所		トイレに行く	上厕所；上洗手间	1	名词·场所
プール	①	名	pool	游泳池		プールで泳ぐ	在游泳池游泳	1	名词·场所
南	⓪	名	みなみ	南方		私の家は町の南にあります	我家在城镇的南边	1	名词·方位位置
左	⓪	名	ひだり	左，左边		そこを左に曲がってください	请在那边左转	1	名词·方位位置
その後	⓪	名	そのご	然后，从那以后		その後どうなりましたか	后来怎么样了？	1	名词·时间
ゆうべ	③	名	ゆうべ	昨晚	昨夜	私はゆうべいやな夢を見た	昨天晚上我做了一个噩梦	1	名词·时间
三日	⓪	名	みっか	三号，三日；三天		一日・二日・三日・四日・五日・六日・七日・八日・九日・十日	1〜10日的叫法	1	名词·时间
今晩	①	名	こんばん	今晚，今夜		今晩のパーティーは何時からですか	今晚的派对几点开始？	1	名词·时间
以前	①	名	いぜん	以前，之前；（在某时期）以前		以前彼はこの町に住んでいたんだ	他以前住在这个城镇	1	名词·时间
再来週	⓪	名	さらいしゅう	下下周，下下星期		再来週は忙しいです	下下周会很忙	1	名词·时间
四日	⓪	名	よっか	四天；四号		一日・二日・三日・四日・五日・六日・七日・八日・九日・十日	1〜10日的叫法	1	名词·时间
時間	⓪	名	じかん	时间，时刻		時間をつぶす	消磨时间	1	名词·时间
間	①	名	かん	间，期间		その間に彼はいなくなっていました	他这段时间消失了	1	名词·时间
何	①	代・接頭	なん	什么		質問は何ですか	请问有什么问题吗？	1	基础·代词指示
皆さん	②	名・代	みなさん	各位，诸位		皆さんにお話があります	我有话要对大家说	1	基础·代词指示
いいえ	③	感	いいえ	（表示否定）不是，不对		お好きですか——いいえ、嫌いです	您喜欢吗？——不，不喜欢	1	基础·感叹寒暄
ご〜		接頭	ご〜	表示尊敬	御〜	御両親	您父母	1	基础·接头接尾
日		造	にち	……号；……天；日本；星期日		私たちは先月11日に結婚しました	我们上个月十一日结婚了	1	基础·造语
〜階	①	接尾	〜かい	……层，……楼		二階の部屋	二楼的房间	1	基础·量词单位
ワイシャツ	⓪	名	white shirt	男式衬衫		ワイシャツにアイロンをかける	熨烫衬衫	2	名词·人物职业
学生	⓪	名	がくせい	学生		文学部は女子学生が男子学生よりも多い	文学系女生比男生多	2	名词·人物职业
テキスト	①②	名	text	教科书；文本		テキストを読んでください	请阅读课文	2	名词·学习教育
ノート	①	他動3・名	note	笔记本，备忘录；记下来		研究ノート	研究笔记	2	名词·学习教育
ペン	①	名	pen	笔		ペンを貸してください	请借我一支笔	2	名词·学习教育
ボールペン	⓪	名	ball pen	圆珠笔		ボールペンで名前を書いてください	请用圆珠笔写下名字	2	名词·学习教育
〜回		名	〜かい	……回，次		第一回	第一回	2	名词·数量
いくつ	①	名	いくつ	几个；几岁	幾つ	いくつありますか	有几个？	2	名词·数量
一つ	②	名	ひとつ	一个；一岁		一つ・二つ・三つ・四つ・五つ・六つ・七つ・八つ・九つ・十	1〜10个的说法	2	名词·数量
七つ	②	名	ななつ	七个；七岁		一つ・二つ・三つ・四つ・五つ・六つ・七つ・八つ・九つ・十	1〜10个的说法	2	名词·数量
三つ	③⓪	名	みっつ	三个；三岁		一つ・二つ・三つ・四つ・五つ・六つ・七つ・八つ・九つ・十	1〜10个的说法	2	名词·数量
九つ	②	名	ここのつ	九个；九岁		一つ・二つ・三つ・四つ・五つ・六つ・七つ・八つ・九つ・十	1〜10个的说法	2	名词·数量
二つ	③⓪	名	ふたつ	两个；两岁		一つ・二つ・三つ・四つ・五つ・六つ・七つ・八つ・九つ・十	1〜10个的说法	2	名词·数量
五つ	②	名	いつつ	五个；五岁		一つ・二つ・三つ・四つ・五つ・六つ・七つ・八つ・九つ・十	1〜10个的说法	2	名词·数量
八つ	③⓪	名	やっつ	八个；八岁		一つ・二つ・三つ・四つ・五つ・六つ・七つ・八つ・九つ・十	1〜10个的说法	2	名词·数量
六つ	③⓪	名	むっつ	六个；六岁		一つ・二つ・三つ・四つ・五つ・六つ・七つ・八つ・九つ・十	1〜10个的说法	2	名词·数量
四つ	③⓪	名	よっつ	四个；四岁		一つ・二つ・三つ・四つ・五つ・六つ・七つ・八つ・九つ・十	1〜10个的说法	2	名词·数量
側	⓪	名	がわ	一侧，一方		川の向こう側にある	在河的对岸	2	名词·方位位置
かばん	⓪	名	かばん	（皮革或布等制作的）书包，提包	鞄	その黒いかばんはぼくのです	那个黑色的包包是我的	2	名词·日用品
あさって	②	名	あさって	后天	明後日	あさっては日曜日だ	后天是星期日	2	名词·时间
おととし	②	名	おととし	前年	一昨年	おととしから日本に住んでいる	从前年起住在日本	2	名词·时间
一日	④⓪	名	いちにち	一天；一整天；某一天		一日ごとに寒くなってきた	天气一天比一天冷了	2	名词·时间
九日	④	名	ここのか	九号；九天		一日・二日・三日・四日・五日・六日・七日・八日・九日・十日	1〜10日的叫法	2	名词·时间
今月	⓪	名	こんげつ	这个月		今月はとても忙しい	这个月非常忙碌	2	名词·时间
分		名	ふん	……分钟		15分	十五分钟	2	名词·时间
去年	①	名	きょねん	去年		私は去年フランスへ行った	我去年去了法国	2	名词·时间
夏休み	③	名	なつやすみ	暑假		夏休みにおばあちゃんの家へ行きました	暑假去了祖母家	2	名词·时间
月曜日	③	名	げつようび	周一		月曜日・火曜日・水曜日・木曜日・金曜日・土曜日・日曜日	周一到周日的叫法	2	名词·时间
金曜日	③	名	きんようび	周五		月曜日・火曜日・水曜日・木曜日・金曜日・土曜日・日曜日	周一到周日的叫法	2	名词·时间
これ	⓪	代	これ	（指代靠近说话者的事物）这个		これをください	请给我这个	2	基础·代词指示
それ	⓪	代	それ	（表示离对方近的东西）那个		それどこで買ったの	那是在哪儿买的？	2	基础·代词指示
どなた	①	代	どなた	谁，哪位	「だれ」の意の尊敬語	失礼ですが、どなたですか	不好意思，请问你是哪位？	2	基础·代词指示
あ	①	感	あ	（吃惊、感动）啊，呀；（打招呼）喂		あ、きみ、ちょっと来て	啊！你来一下	2	基础·感叹寒暄
あのう	⓪	感	あのう	（带着顾虑和犹豫的心情呼唤对方）不好意思，那个……		あのう、質問ですが	那个，我有个问题……	2	基础·感叹寒暄
ううん		感	ううん	不，不是	「いいえ・いえ」の、くだけた言い方	ううん、まだ来ていないよ	不，还没来呢	2	基础·感叹寒暄
ええ	①	感	ええ	（表示肯定、同意）嗯，诶；（表示疑问）啊？；（表示迟疑）嗯		ええ、いいですよ	欸，好的	2	基础·感叹寒暄
どの	①	連体	どの	哪一个		どの花が好きですか	你喜欢哪朵花？	2	基础·连体词
〜か月		接尾	〜かげつ	……个月		1年は12か月です	一年十二个月	2	基础·量词单位
〜個		接尾	〜こ	（用于数小而圆的物体）……个		リンゴを6個買ってきてください	请买六颗苹果回来	2	基础·量词单位
兄	①	名	あに	（自己的）哥哥，姐夫		兄は水泳が得意です	哥哥很擅长游泳	3	名词·人物职业
コンビニ	⓪	名	convenience store	便利店	「コンビニエンスストア」の略	コンビニで弁当を買う	在便利店买盒饭	3	名词·场所
スーパー	①	名・接頭	super	超级；（「スーパーマーケット」の略）超市		スーパーマン	超人	3	名词·场所
デパート	②	名	department store	百货商店		私はデパートで靴を買った	我在百货公司买了鞋子	3	名词·场所
ホテル	①	名	hotel	（西式）宾馆，旅馆，酒店		今ホテルに着きました	现在到酒店了	3	名词·场所
映画館	③	名	えいがかん	电影院，剧院		彼と近くの映画館に行きました	和他去了附近的电影院	3	名词·场所
高校	⓪	名	こうこう	高中	「高等学校」の略	妹は高校に通っています	妹妹在上高中	3	名词·场所
テスト	①	他動3・名	test	考试，测验		テストに合格する	考试及格	3	名词·学习教育
グラム	①⓪	名	gram；(法) gramme	克		ひき肉を200グラムください	请给我200克的绞肉	3	名词·数量
千	①	名	せん	千		千円貸してください	请借我一千日元	3	名词·数量
数	①	名	かず	数，数量		数が増える	数目增加	3	名词·数量
中	①⓪	名・接尾	ちゅう	正在……；中间，中		会議中	正在开会	3	名词·方位位置
東	⓪③	名	ひがし	东		東に向かって歩く	朝东走	3	名词·方位位置
近く	②①	名・副	ちかく	附近；将近，几乎；不久		会社の近くに本屋がある	公司附近有书店	3	名词·方位位置
ごみ箱	③⓪	名	ごみばこ	垃圾箱		ごみ箱にごみを捨てる	把垃圾丢进垃圾桶	3	名词·日用品
おととい	③	名	おととい	前天	一昨日	おとといの朝	前天早晨	3	名词·时间
一日	④⓪	名	ついたち	一号，一个月的第一天		一日・二日・三日・四日・五日・六日・七日・八日・九日・十日	1〜10日的叫法	3	名词·时间
五日	⓪	名	いつか	五号；五天		一日・二日・三日・四日・五日・六日・七日・八日・九日・十日	1〜10日的叫法	3	名词·时间
今	①	名	いま	现在，当前；立刻		彼は今、勉強しています	他现在在学习	3	名词·时间
今朝	①	名	けさ	今天早上		今朝テレビでそのニュースを知りました	今天早上在电视上看到那则新闻	3	名词·时间
午後	①	名	ごご	下午，午后		明日の午後、お客様が来る	明天下午有客人要来	3	名词·时间
夏	②	名	なつ	夏天，夏季		夏が来る	夏天到来	3	名词·时间
季節	②①	名	きせつ	季节		私の一番好きな季節は春です	我最喜欢的季节是春天	3	名词·时间
秋	①	名	あき	秋天		春は暖くて秋は涼しい	春暖秋凉	3	名词·时间
あそこ	⓪	代	あそこ	（指代远处）那里；（指代自己和对方都知道的地方）那里		あそこにバス停があります	那里有公交车站	3	基础·代词指示
あちら	⓪	代	あちら	（远处）那边；那个人，那位		あちらに行ってみよう	去那边看看吧	3	基础·代词指示
ここ	⓪	代	ここ	（指代自己附近的事物）这里；（自己所指的地方）这里		ここに本があります	这里有本书	3	基础·代词指示
こちら	⓪	代	こちら	（指示说话者所在的方向或地点）这里；（说话者或说话者旁边的人）这个，这位		受付はこちらです	接待处在这里	3	基础·代词指示
そこ	⓪	代	そこ	（指代对方附近）那里；指刚才提及的事情或状态		そこに座ってください	请坐在那里	3	基础·代词指示
そちら	⓪	代	そちら	（指代离对方近的事物）那里；指代对方或对方那边的人		夕方そちらに着きます	傍晚会抵达那边	3	基础·代词指示
そっち	③	代	そっち	那边；那个，那个人	「そちら」のくだけた言い方	そっちが私の部屋です	那是我的房间	3	基础·代词指示
どこ	①	代	どこ	哪里		あの本をどこに置きましたか	那本书放在哪里？	3	基础·代词指示
どちら	①	代	どちら	哪里；哪个；哪位		どちらへ行きましたか	往哪边去了？	3	基础·代词指示
どっち	①	代	どっち	哪边；哪个，哪个人	「どちら」のくだけた言い方	西はどっちですか	哪个方向是西边呢？	3	基础·代词指示
私	⓪	代・名	わたし	我		私は日本人です	我是日本人	3	基础·代词指示
いや	①⓪	感	いや	不，不是		いや、そうではない	不，不是那样	3	基础·感叹寒暄
うん	①	感	うん	是，是的	「はい」よりもぞんざいな、または親しみのある言い方。目上や客に使うのは失礼	うん、わかった	嗯，知道了	3	基础·感叹寒暄
そうだ	①	感	そうだ	是啊，就是；（突然想到）对了		そりゃそうだ	谁说不是呢！；可不是吗！	3	基础·感叹寒暄
その	⓪	連体	その	（指代对方附近的物品）那个		そのえんぴつを取ってください	请拿那支铅笔	3	基础·连体词
小さな	①	連体	ちいさな	小，微小的		小さなこと	小事	3	基础·连体词
〜過ぎ		接尾	〜すぎ	超过……；过分……，过度……		午後一時過ぎ	下午一点多	3	基础·量词单位
家	②	名	いえ	房子；家庭		家を探す	找房子	4	名词·人物职业
アパート	②	名	apartment house	公寓	「アパートメントハウス」の略	彼はアパートに住んでいます	他住在公寓里	4	名词·住宅设备
エアコン	⓪	名	air conditioner	空调	「エアコンディショナー」の略	部屋にエアコンを取り付けたんだ	在房间里装了空调	4	名词·住宅设备
シャワー	①	名	shower	淋浴		シャワーを浴びる	淋浴	4	名词·住宅设备
ストーブ	②	名	stove	暖炉，炉子		電気ストーブ	电暖器	4	名词·住宅设备
テレビ	①	名	television	电视		私はテレビをあまり見ません	我不太看电视	4	名词·住宅设备
テーブル	⓪	名	table	桌子，饭桌；表格		テーブルマナー	餐桌礼仪	4	名词·住宅设备
ドア	①	名	door	（西式风格的）门		ドアを開けてください	请开门	4	名词·住宅设备
温泉	⓪	名	おんせん	温泉		温泉に入る	洗温泉	4	名词·场所
二十	①	名	にじゅう	二十		二十人	<b>二十</b>人	4	名词·数量
そば	①	名	そば	旁边，附近	側	そばにいてください	请待在我身边	4	名词·方位位置
先	⓪	名	さき	顶，尖；前方；先		トンボが枝の先にとまっている	蜻蜓落在树枝尖上	4	名词·方位位置
右	⓪	名	みぎ	右		右に曲がる	向右转	4	名词·方位位置
西	⓪	名	にし	西方		西向きの部屋	朝西的房间	4	名词·方位位置
ポスト	①	名	post	信箱；职位		手紙をポストに入れました	把信投入邮筒里	4	名词·日用品
〜頃		名	〜ごろ	大概……，……左右；时期		6時頃に起きる	六点左右起床	4	名词·时间
七日	⓪	名	なのか	七号；七天		一日・二日・三日・四日・五日・六日・七日・八日・九日・十日	1〜10日的叫法	4	名词·时间
今年	⓪	名	ことし	今年		今年はイタリアに旅行したい	今年想去意大利旅行	4	名词·时间
今日	①	名	きょう	今天		今日は仕事がありません	今天没有工作	4	名词·时间
今週	⓪	名	こんしゅう	这周		今週は日本語のテストがあります	本周有日语考试	4	名词·时间
午前	①	名	ごぜん	上午		午前9時のニュースです	现在为您播报上午九点的新闻	4	名词·时间
昨日	②⓪	名	きのう	昨天		昨日の朝	昨天早上	4	名词·时间
時	②	名	とき	时间；时期；时候；时机		時が流れる	时光流逝	4	名词·时间
火曜日	②	名	かようび	周二		月曜日・火曜日・水曜日・木曜日・金曜日・土曜日・日曜日	周一到周日的叫法	4	名词·时间
あっち	③	代	あっち	那边；那个人	「あちら」のくだけた言い方	郵便局はあっちです	邮局在那边	4	基础·代词指示
あなた	②	代	あなた	你		これはあなたのかばんですか	这是你的包吗？	4	基础·代词指示
あれ	⓪	代	あれ	（表示离双方都有距离的）那个；（指之前发生过的，你和对方都熟悉的事情）那时		あれは何ですか	那是什么？	4	基础·代词指示
いつ	①	代	いつ	什么时候	何時	彼女はいつ来ますか	她什么时候会来呢？	4	基础·代词指示
こっち	③	代	こっち	这边；这个；我，我们	「こちら」のくだけた言い方	こっちに来てください	请到这边来	4	基础·代词指示
どれ	①	代	どれ	哪一个		この中でどれが好きですか	这里面你最喜欢哪个？	4	基础·代词指示
何	①⓪	代・副・感	なに	什么		夕食には何を食べたいですか	晚餐想吃什么？	4	基础·代词指示
ああ	①	感	ああ	（悲伤、快乐或惊讶时）啊，哎呀；（答应时）啊		ああ、そうでしたか	啊！是吗！	4	基础·感叹寒暄
あれ	⓪	感	あれ	（表示惊讶、奇怪）哎呀，哎哟		あれ変だぞ	哎呀，真怪啊！	4	基础·感叹寒暄
さあ	①	感	さあ	（催促或邀请别人）快，喂；（犹豫或感到为难时）唉		さあ、始めよう	来啊，开始吧	4	基础·感叹寒暄
〜番目		接尾・名	〜ばんめ	第……号，第……个		前から三番目の人	从前面数第三个人	4	基础·接头接尾
あの	⓪	連体	あの	（指代远处事物）那个；（指代自己和对方都知道的事物）那个		あの黒いカバンは誰のですか？	那个黑色的包是谁的？	4	基础·连体词
ある〜		連体	ある〜	某，某个	或る	ある日	某天	4	基础·连体词
この	⓪	連体	この	（指代靠近说话者的事物）这个		このシャツ	这件衬衫	4	基础·连体词
時		造	じ	……点（钟）；……时候		午前10時	上午十点	4	基础·造语
〜君		接尾	〜くん	（用于同辈或下级男性姓名后）小……		張君	小张	4	基础·量词单位
たぶん	①	副	たぶん	大概，大约	多分	彼女は多分家で寝ています	她大概在家里睡觉	5	副词
どうして	①	副	どうして	为什么		どうして泣いているの	你为什么在哭呢？	5	副词
ある	①	自動1・補動	ある	（无生命物体）存在；有；发生；处于某种状态	有る・在る	私の机の上に書類がたくさんあります	我的桌上有很多文件	5	动词·一类
なる	①	自動1	なる	变成，成为；当		顔が赤くなる	脸发红	5	动词·一类
作る	②	他動1	つくる	制作；做		今、朝ご飯を作っています	我现在正在做早餐	5	动词·一类
吸う	⓪	他動1	すう	吸；吮吸；吸收		たばこを吸う	吸烟	5	动词·一类
引く	⓪	他動1	ひく	拉；减；画（线）；吸引		ロープを引く	拉缆绳	5	动词·一类
押す	⓪	他動1	おす	压，按；推		ボタンを押す	按按钮	5	动词·一类
書く	①	他動1	かく	写		鉛筆で書く	用铅笔写	5	动词·一类
知る	⓪	他動1	しる	知道；了解		誰もその話を知らない	没有人知道这件事	5	动词·一类
行く	⓪	自動1	いく	去，往，到		東京へ行く	去东京	5	动词·一类
込む	①	自動1	こむ	（混）拥挤；（込）费事，精巧	混む	道が混む	道路拥挤	5	动词·一类
降る	①	自動1	ふる	下（雨、雪等）		雨が降る	下雨	5	动词·一类
ゆっくり	③	副・自動3	ゆっくり	缓慢地；悠闲地，舒服地		もっとゆっくり話してください	请说得慢一点	5	动词·三类
信号	⓪	名・自動3	しんごう	信号；红绿灯		モールス信号	摩斯电码	5	动词·三类
意味	①	名・自他動3	いみ	意思；意图；价值		それはどういう意味ですか	那是什么意思？	5	动词·三类
来る	①	自動3・補動	くる	来		友だちが来る	朋友要来了	5	动词·三类
洗濯	⓪	名・他動3	せんたく	洗衣服		服を洗濯する	洗衣服	5	动词·三类
買い物	⓪	名・自動3	かいもの	买东西；买的东西		銀座へ買い物に行く	去银座买东西	5	动词·三类
いる	⓪	自動2	いる	（有生命的物体的）存在，有	居る	今日は一日中家にいました	今天一整天都待在家里	5	动词·二类
くれる	⓪	他動2・補動	くれる	给（我）		友達が誕生日プレゼントをくれた	朋友送我生日礼物	5	动词·二类
借りる	⓪	他動2	かりる	（从别人那里）借，租；借助		兄に本を借りる	跟哥哥借书	5	动词·二类
疲れる	③	自動2	つかれる	疲倦，累		体が疲れる	身体疲倦	5	动词·二类
見る	①	他動2	みる	看		こっちを見てください	请看这边	5	动词·二类
負ける	⓪	自動2	まける	输，不如；难以忍受		相手に負ける	输给对手	5	动词·二类
コピー	①	他動3・名	copy	复印（件）；拷贝		会議で書類のコピーを配った	在会议上发了文件的复印件	5	名词·IT通信
バス	①	名	bus	巴士，公交车		バスの運転士	公交车司机	5	名词·交通出行
台	①	名・接尾・造	だい	（家具、汽车、机器等）……台，……辆；台子		バス2台	两辆公共汽车	5	名词·交通出行
仕事	⓪	名	しごと	工作，职业		3月は仕事が忙しい	三月工作很忙	5	名词·人物职业
子供	⓪	名	こども	小孩；孩子		子供ができる	有孩子；怀孕	5	名词·人物职业
親	②	名	おや	父母		親を失う	失去双亲	5	名词·人物职业
カメラ	①	名	camera	照相机		カメラで写真を撮る	用照相机照相	5	名词·兴趣娱乐
会社員	③	名	かいしゃいん	公司职员		主人は会社員です	我的丈夫是上班族	5	名词·场所
銀行	⓪	名	ぎんこう	银行		A銀行B支店	A银行B分行	5	名词·场所
漢字	⓪	名	かんじ	汉字		漢字は中国からきました	汉字是从中国传来的	5	名词·学习教育
万	①	名	まん	（数量）万		この靴は1万円です	这双鞋要一万日元	5	名词·数量
歩		名	ほ	……步		3歩	三步	5	名词·数量
時計	⓪	名	とけい	钟，表		時計を見たらちょうど３時だった	看了看表，正好是三点	5	名词·日用品
先週	⓪	名	せんしゅう	上周		先週は海に行った	上周去了海边	5	名词·时间
十日	⓪	名	とおか	十号；十天		一日・二日・三日・四日・五日・六日・七日・八日・九日・十日	1〜10日的叫法	5	名词·时间
土曜日	②	名	どようび	周六		月曜日・火曜日・水曜日・木曜日・金曜日・土曜日・日曜日	周一到周日的叫法	5	名词·时间
夕方	⓪	名	ゆうがた	傍晚		夕方、雨が降りました	傍晚下雨了	5	名词·时间
木曜日	③	名	もくようび	周四		月曜日・火曜日・水曜日・木曜日・金曜日・土曜日・日曜日	周一到周日的叫法	5	名词·时间
来年	⓪	名	らいねん	明年		来年の冬	明年冬天	5	名词·时间
来月	①	名	らいげつ	下个月		来月から大学生になります	下个月开始就是大学生了	5	名词·时间
誕生日	③	名	たんじょうび	生日		誕生日のプレゼント	生日礼物	5	名词·时间
シャツ	①	名	shirt	衬衫		このシャツはアイロンが必要だ	这件衬衫需要熨烫	5	名词·衣物外貌
しょうゆ	⓪	名	しょうゆ	酱油	醤油・醬油	しょうゆ差し	酱油瓶	5	名词·饮食
すいか	⓪	名	すいか	西瓜	西瓜	夏はすいかがおいしい	夏天的西瓜很好吃	5	名词·饮食
カップ	①	名	cup	（带把手的）杯子；奖杯		コーヒーカップ	咖啡杯	5	名词·饮食
カレー	⓪	名	curry	咖喱		カレーライス	咖喱饭	5	名词·饮食
自分	⓪	名・代	じぶん	自己；我		宿題は自分でやりなさい	作业要自己写	5	基础·代词指示
誰か	①	代	だれか	（不确定的指代）某人		誰かに聞いてみてください	请试着问问看别人	5	基础·代词指示
はい	①	感	はい	是的，对的		わかりましたか——はい	明白了吗？——明白了	5	基础·感叹寒暄
もしもし	①	感	もしもし	（打电话时）喂；（对不认识的人的称呼）喂		もしもし、田中さんのお宅ですか	喂，请问是田中先生家吗？	5	基础·感叹寒暄
〜やすい		接尾	〜やすい	简单的，容易……的	〜易い	わかりやすい説明	易懂的说明	5	基础·接尾
しかし	②	接	しかし	可是，不过		努力はした。しかし成功はしなかった	努力了。但是没有成功	5	基础·接续助词
じゃ	①	接	じゃ	那么	「では」のくだけた言い方	じゃ、また明日	那么，明天见	5	基础·接续助词
後		造	ご	……之后		いまから20年後	从现在起二十年后	5	基础·造语
〜中		接尾	〜じゅう	（附在表示年月、时间、地点的词语后）整整……，整个……		一日中	一整天	5	基础·量词单位
いくら	①⓪	名・副	いくら	（数量或价钱）多少；即使……也……		この靴はいくらですか	这双鞋子多少钱？	6	副词
そう	①⓪	副・感	そう	（表示同意、肯定）对，嗯；（突然想到）啊；那样，那么		私もそう思います	我也是这样想；我也有同感	6	副词
ちょっと	①③	副・感	ちょっと	稍微，一点点		ちょっと待ってください	请稍等一下	6	副词
休む	②	自他動1	やすむ	休息；睡觉；缺席		食事のあとは休む	饭后休息	6	动词·一类
住む	①	自動1	すむ	居住		彼は会社の近くに住んでいる	他住在公司附近	6	动词·一类
切る	①	他動1	きる	切，割；中断，关闭		短く切る	截短；切短	6	动词·一类
呼ぶ	⓪	他動1	よぶ	呼唤；叫来；叫作；邀请		ウェイターを呼びましょう	叫服务生来吧	6	动词·一类
掛かる	②	自動1	かかる	花费；悬挂；上锁		手間が掛かる	费工夫	6	动词·一类
探す	⓪	他動1	さがす	寻找（想要的东西）		読む本を探す	寻找要读的书	6	动词·一类
着く	①②	自動1	つく	到达，送达		7時に家に着く	七点到家	6	动词·一类
置く	⓪	他動1	おく	放，置		かばんをいすの上に置きました	把包放在椅子上	6	动词·一类
言う	⓪	自他動1	いう	说话，告诉；叫作		小声で言う	小声说	6	动词·一类
違う	⓪	自動1	ちがう	不一样；错误		考え方が違う	想法不同	6	动词·一类
飲む	①	他動1	のむ	喝		友達とお酒を飲んでいます	和朋友喝酒	6	动词·一类
アルバイト	③	名・自動3	(ド) Arbeit	兼职，打工		レストランでアルバイトをする	在餐馆打工	6	动词·三类
会話	⓪	名・自動3	かいわ	会话；对话，谈话		日本語の会話を習っている	正在学习日语对话	6	动词·三类
勉強	⓪	名・自他動3	べんきょう	学习		私は日本語を勉強しています	我正在学习日语	6	动词·三类
授業	①	名・自動3	じゅぎょう	课，上课		授業に出席する	去上课	6	动词·三类
活動	⓪	名・自動3	かつどう	活动		課外活動	课外活动	6	动词·三类
質問	⓪	名・自他動3	しつもん	问题，提问		質問に答える	回答问题	6	动词·三类
できる	②	自動2・補動	できる	可以，会；做好，完成	出来る	彼女はイタリア語ができます	她会说意大利文	6	动词·二类
上げる	⓪	他動2	あげる	举高；提高		手を上げる	举手	6	动词·二类
出かける	⓪	自動2	でかける	出门，出发		散歩に出かける	出去散步	6	动词·二类
忘れる	⓪	他動2	わすれる	忘记，遗忘		悲しいことを忘れる	忘记悲伤的事情	6	动词·二类
起きる	②	自動2	おきる	站起来；起床；没睡觉；发生		毎朝5時に起きる	每天早晨五点起床	6	动词·二类
開ける	⓪	他動2	あける	打开，翻开；开张		窓を開ける	开窗	6	动词·二类
帰り	③	名	かえり	回来，回程		学校からの帰りに買い物をした	从学校回来的时候买了东西	6	名词·交通出行
角	①	名	かど	（道路等）拐角；（桌子等）棱角		本屋はあの通りの角にある	书店在那条街的拐角处	6	名词·交通出行
先生	③	名	せんせい	对老师、医生、律师等的敬称		私は日本語の先生になりたいです	我想当日文老师	6	名词·人物职业
先輩	⓪	名	せんぱい	前辈；学长，学姐		日本人は先輩、後輩の関係をとても大切に考えます	日本人非常重视前辈、后辈的关系	6	名词·人物职业
生徒	①	名	せいと	（初中或高中的）学生		生徒会の会長	学生会的会长	6	名词·人物职业
カラオケ	⓪	名	からおけ	卡拉OK，KTV		彼はカラオケが大好きだ	他特别喜欢唱卡拉OK	6	名词·兴趣娱乐
線	①	名	せん	线，线条		線を引く	画线	6	名词·其他
学校	⓪	名	がっこう	学校		来年学校を卒業する	明年从学校毕业	6	名词·场所
辞書	①	名	じしょ	词典，辞典，字典		辞書を引く	查字典	6	名词·学习教育
九	①	名	きゅう	九	く	一・二・三・四・五・六・七・八・九・十	数字1〜10的叫法	6	名词·数量
半分	③⓪	名	はんぶん	一半		お菓子を友達に半分あげた	把点心分一半给朋友	6	名词·数量
八日	⓪	名	ようか	八天；八号		一日・二日・三日・四日・五日・六日・七日・八日・九日・十日	1〜10日的叫法	6	名词·时间
夜	①	名	よる	晚上，夜间		昨日の夜は家にいました	昨晚在家	6	名词·时间
年	②	名	とし	年；年龄		年が暮れる	来到年底；临近年终	6	名词·时间
日曜日	③	名	にちようび	周日		月曜日・火曜日・水曜日・木曜日・金曜日・土曜日・日曜日	周一到周日的叫法	6	名词·时间
来週	⓪	名	らいしゅう	下周		来週の日曜日	下周日	6	名词·时间
週	①	名	しゅう	周，礼拜		週3日だけアルバイトをやっている	每周只干三天临时工	6	名词·时间
週末	⓪	名	しゅうまつ	周末		週末は家でゆっくりします	周末在家休息	6	名词·时间
間	⓪	名	あいだ	（两个事物的）中间；时间段；人与人的关系		ビルの間から山が見える	从高楼之间能看到山	6	名词·时间
アイスクリーム	⑤	名	ice cream	冰激凌		弟はアイスクリームが大好きです	我弟弟最喜欢冰淇淋了	6	名词·饮食
ケーキ	①	名	cake	蛋糕		誕生日にケーキを食べました	生日那天吃了蛋糕	6	名词·饮食
センチ	①	名	(フ) centimètre	厘米	「センチメートル」の略	身長180センチ	身高一百八十厘米	6	名词·饮食
チーズ	①	名	cheese	奶酪，芝士		チーズケーキ	奶酪蛋糕	6	名词·饮食
僕	①⓪	代	ぼく	（男子自称）我		僕は学生です	我是学生	6	基础·代词指示
ありがとう	②	感	ありがとう	谢谢		ありがとうございます	（礼貌说法）谢谢您	6	基础·感叹寒暄
ええと	⓪	感	ええと	（犹豫或思考时）啊，嗯	えっと	ええと、何だっけ	嗯，什么来着？	6	基础·感叹寒暄
〜さん		接尾	〜さん	（表达敬意或亲近感）……先生，……女士		佐藤さん	佐藤先生/女士	6	基础·接尾
ずつ		副助	ずつ	每……		5枚ずつ配る	每人发五张	6	基础·接续助词
だから	①	接	だから	因此，所以		外は雨だ。だから出かけるのはやめた	外面下雨了。所以不出门了	6	基础·接续助词
大きな	①	連体	おおきな	大的，巨大的；重大的，非常的		大きな音	巨响	6	基础·连体词
〜冊		接尾	〜さつ	（用来数笔记本，书本等）……册，……本		ノート3冊	三个本子	6	基础·量词单位
〜杯		接尾	〜はい	……杯；计算船、章鱼、乌贼等的量词		ビール1杯	一杯啤酒	6	基础·量词单位
いつも	①	名・副	いつも	经常，总是；平时		彼女はいつも元気だ	她总是很有精神	7	副词
たくさん	⓪③	名・副	たくさん	许多，相当多	沢山	昨日はたくさん泳ぎました	昨天游了很多泳	7	副词
だんだん	⓪	副	だんだん	渐渐地，慢慢地		だんだん仕事が楽しくなってきました	工作越来越有趣了	7	副词
はく	⓪	他動1	はく	穿（下身衣物）	穿く；「履く」と同語源	ズボンをはく	穿裤子	7	动词·一类
会う	①	自動1	あう	见面；偶遇		また会いましょう	下次见	7	动词·一类
吹く	①②	自他動1	ふく	刮风；吹		今日は北風が吹いている	今天刮着北风	7	动词·一类
差す	①	自他動1	さす	照射；撑，打；注入（液体）	液体は「注す」とも書くが、今は「差す」を使う	日が差す	阳光射进来	7	动词·一类
持つ	①	他動1	もつ	拿；带着；拥有，持有		バッグを手に持つ	手拿挎包	7	动词·一类
歌う	⓪	他動1	うたう	唱歌		私はカラオケで歌うのが大好きです	我很喜欢唱卡拉OK	7	动词·一类
泳ぐ	②	自動1	およぐ	游泳		プールで泳ぐ	在游泳池游泳	7	动词·一类
終わる	⓪	自他動1	おわる	完，结束；……完		仕事が終わる	工作结束	7	动词·一类
習う	②	他動1	ならう	（接受教导并）学习，练习		バイオリンを習う	学习小提琴	7	动词·一类
開く	⓪	自動1	あく	打开；开始营业		ドアが開く	门开了	7	动词·一类
けが	②	名・自動3	けが	伤，受伤	怪我	けがの程度がひどい	伤势严重	7	动词·三类
しっかり	③	副・自動3	しっかり	紧紧地；好好地，牢牢地；坚固，坚强；可靠		靴ひもをしっかりと結ぶ	把鞋带牢牢系好	7	动词·三类
会議	①③	名・自他動3	かいぎ	会议		今日の午後、大事な会議があります	今天下午有重要的会议	7	动词·三类
帰国	⓪	名・自動3	きこく	回国		留学を終えて帰国する	结束留学回国	7	动词·三类
散歩	⓪	名・自動3	さんぽ	散步		犬と毎朝、散歩する	每天早上和狗一起散步	7	动词·三类
留学	⓪	名・自動3	りゅうがく	留学		フランスに留学する	在法国留学	7	动词·三类
練習	⓪	名・他動3	れんしゅう	（学问、运动或技术等）反复练习，训练		バイオリンを練習する	练习拉小提琴	7	动词·三类
付ける	②	他動2	つける	安上；穿上；写上；定价；涂上；附上；打分		シャツにボタンを付ける	把钮扣缝在衬衣上	7	动词·二类
信じる	③	他動2	しんじる	相信，信赖；信仰		自分を信じる	相信自己	7	动词·二类
出る	①	自動2	でる	出去；显出；出发；参加；接电话		今朝は早く家を出ました	今天早上很早就出门了	7	动词·二类
掛ける	②	他動2	かける	挂；带上；打（电话）；花费；坐；上锁		鍵を掛ける	上锁	7	动词·二类
閉める	②	他動2	しめる	关上（窗户、门等打开的东西）		ドアを閉める	关门	7	动词·二类
ニュース	①	名	news	新闻		夜のニュースを見ましたか	你看过晚间新闻了吗？	7	名词·IT通信
駅	①	名	えき	车站		駅はどこですか	车站在哪里？	7	名词·交通出行
駅前	③⓪	名	えきまえ	（电车、地铁的）车站周边		駅前に交番があります	车站前有派出所	7	名词·交通出行
兄弟	①	名	きょうだい	兄弟姐妹	姉妹・兄妹・姉弟	私は3人兄弟で兄と姉がいます	我兄弟姐妹三人，有一个哥哥、一个姐姐	7	名词·人物职业
女性	⓪	名	じょせい	女性，女人		女性パイロット	女飞行员	7	名词·人物职业
小学生	③	名	しょうがくせい	小学生		うちの息子は来年、小学生になります	我家儿子明年要上小学了	7	名词·人物职业
ギター	①	名	guitar	吉他		ギターを弾く	弹吉他	7	名词·兴趣娱乐
教室	⓪	名	きょうしつ	教室；培训班		教室で授業する	在教室上课	7	名词·场所
英語	⓪	名	えいご	英语		英語を話す	说英语	7	名词·学习教育
鉛筆	⓪	名	えんぴつ	铅笔		鉛筆を貸してください	请借我铅笔	7	名词·学习教育
百	②	名	ひゃく	百		私の祖母は百歳です	我的祖母一百岁了	7	名词·数量
財布	⓪	名	さいふ	钱包		財布を落とした	钱包掉了	7	名词·日用品
二十日	⓪	名	はつか	二十号，二十日；二十天		来月の二十日は弟の誕生日です	下个月二十日是我弟弟的生日	7	名词·时间
二日	⓪	名	ふつか	二号，二日；两天		一日・二日・三日・四日・五日・六日・七日・八日・九日・十日	1〜10日的叫法	7	名词·时间
先月	①	名	せんげつ	上个月		先月の電話料金	上个月的电话费	7	名词·时间
六日	⓪	名	むいか	六天；六号		一日・二日・三日・四日・五日・六日・七日・八日・九日・十日	1〜10日的叫法	7	名词·时间
明日	③⓪	名	あした	明天		明日は晴れるだろう	明天是晴天吧	7	名词·时间
春	①	名	はる	春天，春季		春になると花が咲く	一到春天，花就开了	7	名词·时间
春休み	③	名	はるやすみ	春假		春休みには海外旅行を予定している	春假预定到国外旅行	7	名词·时间
毎朝	①⓪	副・名	まいあさ	每天早上		毎朝何時に起きますか	每天早上你几点起床？	7	名词·时间
スカート	②	名	skirt	裙子		スカートをはく	穿裙子	7	名词·衣物外貌
お茶	⓪	名	おちゃ	茶；工作间隙中的短暂休息		お茶を入れましょうか	我来泡茶吧	7	名词·饮食
コップ	⓪	名	(オ) kop	（由玻璃、塑料等制成的圆柱形的）杯子		紙コップ	纸杯	7	名词·饮食
コーヒー	③	名	coffee	咖啡		私は毎朝コーヒーを飲みます	我每天早上都喝咖啡	7	名词·饮食
チョコレート	③	名	chocolate	巧克力		ミルクチョコレート	牛奶巧克力	7	名词·饮食
飴[あめ]	⓪	名	あめ	糖果		のど飴	喉糖	7	名词·饮食
皆	②⓪	名・代・副	みな	大家；全部		クラスのことは皆で決めよう	班上的事情大家一起决定吧	7	基础·代词指示
誰	①	代	だれ	谁		これは誰の鉛筆ですか	这是谁的铅笔？	7	基础·代词指示
えっ	①	感	えっ	（惊讶或觉得奇怪时）哎，啊		えっ、そうなの	啊！是吗？	7	基础·感叹寒暄
へえ	⓪	感	へえ	（惊讶）哦，嘿		へえ、そりゃ大変だ	欸！那可不得了	7	基础·感叹寒暄
〜ちゃん		接尾	〜ちゃん	小……	人名や人を表す語に付いて、親しみの気持ちを表す	姉ちゃん	姐姐	7	基础·接尾
そして	⓪	接	そして	于是，然后		兄はアメリカにいます。そして弟はカナダにいます	哥哥在美国，弟弟在加拿大	7	基础·接续助词
こういう	⓪	連体	こういう	这种，这样		こういうこと	这种事	7	基础·连体词
〜達		接尾	〜たち	（人的复数）……们		子ども達	孩子们	7	基础·量词单位
すぐ	①	副	すぐ	立刻，马上；很近	直ぐ	すぐ行きます	马上过去	8	副词
ただ今	②④	名・副・感	ただいま	刚刚；现在；立刻；（ただいま）我回来了	只今	ただ今家に着いた	刚刚到家	8	副词
どう	①	副	どう	怎么样		あなたはどう思いますか	你有什么想法？	8	副词
くださる	③	他動1・補動	くださる	给予，赐予	下さる；「与える」 「くれる」の尊敬語	先生が手紙を下さいました	老师寄信给我	8	动词·一类
使う	⓪	他動1	つかう	使用；花费		このパソコンを使ってください	请用这台电脑	8	动词·一类
始まる	⓪	自動1	はじまる	开始		授業は9時に始まる	九点钟开始上课	8	动词·一类
座る	⓪	自動1	すわる	坐；居某地位		公園のベンチに座る	坐在公园的长椅上	8	动词·一类
思う	②	他動1	おもう	思考；认为		私もそう思う	我也这样想	8	动词·一类
死ぬ	⓪	自動1	しぬ	死亡		交通事故で死ぬ	因交通事故死去	8	动词·一类
消す	⓪	他動1	けす	关掉（电源）；熄灭；抹去		テレビを消す	关上电视	8	动词·一类
脱ぐ	①	他動1	ぬぐ	摘掉，脱掉		服を脱ぐ	脱掉衣服	8	动词·一类
貸す	⓪	他動1	かす	借出；提供		私は彼に本を貸しています	我把书借给他	8	动词·一类
送る	⓪	他動1	おくる	邮寄，发送；派遣；送别；度过		本を郵便で送ってください	请把书邮来	8	动词·一类
する	⓪	自他動3	する	做		友達と一緒に宿題をした	和朋友一起写作业	8	动词·三类
作文	⓪	名・自動3	さくぶん	作文		日本語で作文を書きました	用日文写了作文	8	动词·三类
手洗い	②	他動3・名	てあらい	洗手间；用手洗		手洗いに行く	去洗手间；上厕所	8	动词·三类
料理	①	名・他動3	りょうり	菜肴；做菜		中華料理	中国菜	8	动词·三类
旅行	⓪	名・自動3	りょこう	旅游		北海道へ旅行する	去北海道旅游	8	动词·三类
運動	⓪	名・自動3	うんどう	运动		ジョギングはいい運動になる	慢跑是很好的运动	8	动词·三类
電話	⓪	名・自他動3	でんわ	电话		電話をかける	打电话	8	动词·三类
伝える	⓪③	他動2	つたえる	通知，传达；传授		みんなにこのことを伝えてください	请把这件事告诉大家	8	动词·二类
寝る	⓪	自動2	ねる	睡觉；躺着		子どもが寝ている	孩子在睡觉	8	动词·二类
晴れる	②	自動2	はれる	天气放晴；心情愉快		あすは晴れるでしょう	明天会放晴吧	8	动词·二类
立てる	②	他動2	たてる	制订；竖起；发出，冒起		計画を立てる	制订计划	8	动词·二类
降りる	②	自動2	おりる	下降；下（车）		電車を降りる	下电车	8	动词·二类
インターネット	⑤	名	internet	互联网		インターネットで調べる	在网上搜索	8	名词·IT通信
タクシー	①	名	taxi	出租车，的士		タクシーを拾う	打出租车	8	名词·交通出行
チケット	②①	名	ticket	票		チケットを予約する	预订票	8	名词·交通出行
女	③	名	おんな	女性，女人		店員は若い女の人でした	店员是个年轻的女人	8	名词·人物职业
女の子	③	名	おんなのこ	女孩子；年轻女性		あの女の子を知っていますか	你认识那个女孩子吗？	8	名词·人物职业
サッカー	①	名	soccer	足球		サッカーをする	踢足球	8	名词·兴趣娱乐
会社	⓪	名	かいしゃ	公司		彼は小さな会社に勤めています	他在一间小公司上班	8	名词·场所
街	②	名	まち	大街		街を歩いていたら知人に会った	走在街上时遇到了熟人	8	名词·场所
言葉	③	名	ことば	语言，话，词		話し言葉	口语	8	名词·学习教育
半	①	名	はん	半，一半		1時間半	一个半小时	8	名词·数量
紙	②	名	かみ	纸		紙にメモを取る	在纸上作记录	8	名词·日用品
休み	③	名	やすみ	休息；假日；就寝		休み時間になる	到了休息时间	8	名词·时间
冬	②	名	ふゆ	冬天，冬季		カナダの冬はとても寒いです	加拿大的冬天非常寒冷	8	名词·时间
冬休み	③	名	ふゆやすみ	寒假		冬休みにおじいちゃんの家に行きます	寒假要去爷爷家	8	名词·时间
前	①	名	まえ	前面；以前		その店の前で会いましょう	在那间店前面碰面吧	8	名词·时间
昼	②	名	ひる	白天；中午		春から夏にかけては昼が長い	从春天到夏天白天长	8	名词·时间
晩	⓪	名	ばん	夜晚，晚上		朝から晩まで	从早到晚	8	名词·时间
朝	①	名	あさ	早晨，早上		朝早くから夜遅くまで働く	起早贪黑地工作	8	名词·时间
水曜日	③	名	すいようび	周三		月曜日・火曜日・水曜日・木曜日・金曜日・土曜日・日曜日	周一到周日的叫法	8	名词·时间
コート	①	名	coat	外套，大衣		寒かったのでコートを着た	因为很冷，所以穿了大衣	8	名词·衣物外貌
おにぎり	②	名	おにぎり	饭团	お握り	昼食におにぎりを食べました	午餐吃了饭团	8	名词·饮食
ご飯	①	名	ごはん	米饭；吃饭		私はパンよりご飯が好きだ	比起面包，我更喜欢米饭	8	名词·饮食
ジュース	①	名	juice	果汁		オレンジジュース	橙汁	8	名词·饮食
天ぷら	⓪	名	てんぷら	天妇罗（一种鱼和蔬菜等裹上面粉后油炸的食物）	天麩羅	私はえびの天ぷらが好きです	我喜欢炸虾天妇罗	8	名词·饮食
蕎麦[そば]	①	名	そば	荞麦面		お昼にそばを食べた	中午吃了荞麦面	8	名词·饮食
彼	①	代・名	かれ	他；男朋友		彼は絵がうまい	他擅长画画	8	基础·代词指示
彼女	①	名・代	かのじょ	她；女朋友		彼女はクラスメートです	她是我的同班同学	8	基础·代词指示
ねえ	①	感・終助	ねえ	（打招呼时）喂，唉		ねえ、どれがいい？	喂，哪个好？	8	基础·感叹寒暄
それから	⓪	接	それから	然后；还有		買いたいものはバッグ、靴それから化粧品です	想买的东西有书包、鞋，还有化妆品	8	基础·接续助词
それでは	③	接	それでは	那么，那样的话		それではこれで失礼します	那么我就失陪了	8	基础·接续助词
年生		造	ねんせい	……年级生		中学2年生	初中二年级	8	基础·造语
〜人		接尾	〜にん	（量词）……个人；（那个人所固有的性格、能力和经历）……人		彼には3人の息子がいます	他有三个儿子	8	基础·量词单位
ちょうど	⓪	副	ちょうど	正好，恰好	丁度	値段はちょうど3万円です	价格刚好是三万日元	9	副词
どうも	①	副	どうも	非常，很；怎么也（不）；总觉得		どうもありがとう	非常感谢	9	副词
もっと	①	副	もっと	更加		もっと近くに来てください	请再靠近一点	9	副词
並ぶ	⓪	自動1	ならぶ	排队，排列		ここに並んでください	请在这里排队	9	动词·一类
入る	①	自動1	はいる	进入；含有；加入		寒いので中に入ってください	天气冷，请进来	9	动词·一类
売る	⓪	他動1	うる	出售		彼は家を売った	他把房子卖了	9	动词·一类
曇る	②	自動1	くもる	阴天；朦胧不清，模糊		あすは曇るかもしれない	明天也许会阴天	9	动词·一类
洗う	⓪	他動1	あらう	洗		洗っていない皿	没洗的碟子	9	动词·一类
登る	⓪	自動1	のぼる	登上		去年富士山に登りました	去年爬了富士山	9	动词·一类
話す	②	他動1	はなす	说，讲，谈		ゆっくり話す	慢慢说	9	动词·一类
選ぶ	②	他動1	えらぶ	选择，挑选		正しい答えを選ぶ	选择正确答案	9	动词·一类
はっきり	③	副・自動3	はっきり	清楚；爽快；明确		今日は山がはっきり見える	今天可以清楚地看到山	9	动词·三类
工事	①	名・自他動3	こうじ	施工，工程		工事現場	施工现场	9	动词·三类
引っ越し	⓪	名・自動3	ひっこし	搬家		去年、引っ越ししました	我去年搬家了	9	动词·三类
意見	①	名・自他動3	いけん	（提）意见；劝告		あなたの意見が聞きたいです	我想听听你的意见	9	动词·三类
試験	②	名・他動3	しけん	考试；测验		試験に合格する	考试及格	9	动词·三类
教える	⓪	他動2	おしえる	教，传授；告诉		日本語を教える	教日语	9	动词·二类
育てる	③	他動2	そだてる	养育，培育，饲养		大きくなるまで育てる	扶养成人	9	动词·二类
迎える	⓪	他動2	むかえる	迎接；迎来		駅で友を迎える	在车站迎接朋友	9	动词·二类
間違える	④③	他動2	まちがえる	弄错，搞错		部屋を間違える	弄错房间	9	动词·二类
中学生	③④	名	ちゅうがくせい	初中生		息子は中学生です	儿子是初中生	9	名词·人物职业
夫	⓪	名	おっと	丈夫		私の夫はサラリーマンです	我的丈夫是上班族	9	名词·人物职业
男の子	③	名	おとこのこ	男孩子；年轻男性		男の子が生まれた	生了个男孩	9	名词·人物职业
ダンス	①	名	dance	（西洋风格的）舞蹈		ダンスパーティー	舞会	9	名词·兴趣娱乐
パーティー	①	名	party	派对		明日、うちでパーティーを開きます	明天我要在家里开派对	9	名词·兴趣娱乐
工場	③	名	こうじょう	工厂		工場を経営する	办工厂；经营工厂	9	名词·场所
日本語	⓪	名	にほんご	日语		あなたは日本語を話せますか	你会讲日语吗？	9	名词·学习教育
ゼロ	①	名	zero	零，零点；什么都没有		今日の交通事故はゼロです	今天的交通事故为零	9	名词·抽象概念
以内	①	名	いない	以内，之内		二時間以内に着く	两小时之内到达	9	名词·抽象概念
四	①	名	よん	四	よ、し	一・二・三・四・五・六・七・八・九・十	数字1〜10的叫法	9	名词·数量
スーツ	①	名	suit	西装，西服		スーツを着る	穿西装	9	名词·方位位置
今夜	①	名	こんや	今晚		今夜は月がとてもきれいです	今晚的月色很美	9	名词·时间
場合	⓪	名	ばあい	场合，时候，情形		わからない場合は私に聞いてください	有不懂的地方请问我	9	名词·时间
正月	④⓪	名	しょうがつ	新年，正月		子どもたちは正月にスキーに行く	孩子们新年去滑雪	9	名词·时间
タバコ	⓪	名	(ポ) tabaco	烟草，香烟	煙草・たばこ	タバコ1箱	一盒烟	9	名词·自然天气
ネクタイ	①	名	necktie	领带		ネクタイを締める	系领带	9	名词·衣物外貌
おなか	⓪	名	おなか	肚子，肠胃		おなかが痛い	肚子疼	9	名词·身体健康
口	⓪	名	くち	嘴；言语；出入口		口を大きく開けてください	请把嘴巴张开	9	名词·身体健康
彼氏	①	代・名	かれし	男朋友；他		彼女には彼氏がいる	她有男朋友	9	基础·代词指示
こんばんは	⑤	感	こんばんは	晚上好		こんばんは。お邪魔します	晚上好，打扰了	9	基础·感叹寒暄
でも	①	接	でも	然而，可是；即使……也		でも私はできませんよ	但我做不到啊	9	基础·接续助词
いろんな	⓪	連体	いろんな	各种各样的	色んな	いろんな色の花	五颜六色的花朵	9	基础·连体词
〜家		接尾	〜か	（以……为职业的人；经常做……的人）……家		専門家	专家	9	基础·量词单位
かわいい	③	イ形	かわいい	可爱的	可愛い	彼女の赤ちゃんは可愛いです	她的宝宝很可爱	9	形容词·い形
つらい	⓪②	イ形	つらい	难受的，艰苦的	辛い	この仕事はつらいです	这份工作很辛苦	9	形容词·い形
まずい	②	イ形	まずい	难吃的；不好，糟糕		ここの料理はまずい	这里的料理很难吃	9	形容词·い形
丸い	⓪	イ形	まるい	圆的；圆滑的	円い	地球は丸い	地球是圆的	9	形容词·い形
弱い	②	イ形	よわい	弱的；不擅长的		体が弱い	体弱	9	形容词·い形
易しい	⓪③	イ形	やさしい	容易的，简单的		この問題はかなり易しいです	这个问题相当简单	9	形容词·い形
暑い	②	イ形	あつい	（天气）热的		風がないので暑くて眠れない	因为没风，热得睡不着	9	形容词·い形
暗い	⓪	イ形	くらい	黑的；发暗的；阴沉的		道が暗い	路上一片漆黑	9	形容词·い形
いろいろ	⓪	ナ形・副・名	いろいろ	各种各样，形形色色	色々	彼はいろいろなことを知っている	他知道很多事情	9	形容词·な形
だめ	②	名・ナ形	だめ	没用；做不到；不可以	駄目	彼はだめな男だ	他是个没用的男人	9	形容词·な形
にぎやか	②	ナ形	にぎやか	热闹，繁华	賑やか	浅草はにぎやかな街です	浅草是个热闹的地方	9	形容词·な形
元気	①	名・ナ形	げんき	精神，活力；有精神		お元気ですか	您好吗？	9	形容词·な形
真面目	⓪	名・ナ形	まじめ	认真；老实		真面目に働く	认真工作	9	形容词·な形
茶色	⓪	ナ形・名	ちゃいろ	茶色，褐色		茶色の服	茶色衣服	9	形容词·な形
つまらない	③	連語	つまらない	无聊的；不值钱的，微薄的		彼の話はつまらないですね	他的话很无聊	9	惯用表达
とても	⓪	副	とても	很，非常		この本はとてもおもしろい	这本书非常有趣	10	副词
なぜ	①	副	なぜ	为什么，为何	何故	なぜ来なかったの	你为什么没来？	10	副词
まず	①	副	まず	首先		帰ったらまず手を洗いましょう	回家后先洗手吧	10	副词
乗る	⓪	自動1	のる	乘坐；登上		駅からはタクシーに乗ってください	请从车站搭出租车	10	动词·一类
分かる	②	自動1	わかる	明白，懂；知道		質問の意味はわかりましたか	明白问题的意思了吗？	10	动词·一类
守る	②	他動1	まもる	遵守；保护		ルールを守る	遵守规则	10	动词·一类
止まる	⓪	自動1	とまる	停止		電車が止まる	电车停下来	10	动词·一类
渡す	⓪	他動1	わたす	交，给；渡过		手紙を渡す	转交信	10	动词·一类
笑う	⓪	自他動1	わらう	笑；嘲笑		大声で笑う	大声笑	10	动词·一类
買う	⓪	他動1	かう	购买		郵便局で切手を買いました	在邮局买了邮票	10	动词·一类
頼む	②	他動1	たのむ	请求，托付；依靠		仕事を頼む	托付工作	10	动词·一类
世話	②	名・他動3	せわ	照顾，帮忙		いろいろお世話になりました	承蒙您多方关照	10	动词·三类
挨拶	①	名・自動3	あいさつ	问候，寒暄；致辞		彼女は笑顔で挨拶した	她笑着向我打招呼	10	动词·三类
掃除	⓪	名・他動3	そうじ	打扫		週末は部屋の掃除をしました	周末打扫了房间	10	动词·三类
経験	⓪	名・他動3	けいけん	经验		経験を積む	积累经验	10	动词·三类
あげる	⓪	他動2・補動	あげる	给予，赠送		プレゼントをあげる	赠送礼物	10	动词·二类
壊れる	③	自動2	こわれる	坏，破碎；出故障		地震で家が壊れた	因为地震房子倒塌了	10	动词·二类
感じる	⓪	自他動2	かんじる	感到；觉得		暑く感じる	觉得热	10	动词·二类
慣れる	②	自動2・補動	なれる	习惯，适应；熟悉，熟练；（馴れる）动物亲近人类		新しい環境に慣れる	适应新环境	10	动词·二类
大学生	③④	名	だいがくせい	大学生		姉は大学生です	姐姐是大学生	10	名词·人物职业
娘	③	名	むすめ	女儿；未婚年轻女性		うちの娘は去年結婚しました	我女儿去年结婚了	10	名词·人物职业
息子	⓪	名	むすこ	儿子		うちの息子は大学１年生です	我家儿子是大学一年级	10	名词·人物职业
映画	①⓪	名	えいが	电影		映画を見に行く	去看电影	10	名词·兴趣娱乐
運動場	⓪	名	うんどうじょう	运动场，操场		運動場でサッカーをしよう	在运动场踢足球吧	10	名词·兴趣娱乐
社員	①	名	しゃいん	公司职员		新入社員	新员工	10	名词·场所
宿題	⓪	名	しゅくだい	作业		夏休みの宿題	暑假作业	10	名词·学习教育
みんな	③⓪	副・名	みんな	大家，诸位；全部	皆；「みな（皆）」をやや強めた語。また、ややくだけた語	みんなにお菓子をあげましょう	把点心分给大家吧	10	名词·抽象概念
菓子	①	名	かし	点心，糕点		お母さんと一緒にお菓子を作りました	我和妈妈一起做了点心	10	名词·抽象概念
七	①	名	なな	七	しち	一・二・三・四・五・六・七・八・九・十	數字1〜10的叫法	10	名词·数量
遠く	③⓪	名・副	とおく	远处，远方		遠くから人が来た	有人从远处过来了	10	名词·方位位置
今後	⓪	名	こんご	今后，将来		今後ともよろしくお願いします	今后也请多多指教	10	名词·时间
初め	⓪	名	はじめ	初次，当初	普通、順序の意には「初」、開始の意には「始」を用いる	初めはうまくできませんでした	一开始做得不太好	10	名词·时间
将来	①	名・副	しょうらい	将来，未来		将来はパイロットになりたいです	将来我想当飞行员	10	名词·时间
ヨーロッパ	③	名	(ポ) Europa	欧洲		ヨーロッパ連合	欧洲联盟，欧盟，EU	10	名词·社会文化
度	⓪	名	ど	程度；……次；（角度，经纬度，温度等）……度		度が過ぎる	过分，过度	10	名词·自然天气
ズボン	②①	名	(フ) jupon	裤子		ズボンを穿く	穿裤子	10	名词·衣物外貌
交差点	⓪③	名	こうさてん	十字路口		次の交差点を左に曲がってください	请在下一个十字路口左转	10	名词·身体健康
玄関	①	名	げんかん	玄关处，门口		日本の家では玄関で靴を脱ぐ	日本人家习惯在门口脱鞋	10	名词·身体健康
こんにちは	⑤	感	こんにちは	你好，您好		先生こんにちは	老师您好	10	基础·感叹寒暄
さようなら	④⑤	感	さようなら	再见，告别	さよなら	みなさん、さようなら	各位，再见	10	基础·感叹寒暄
だけ		副助	だけ	只，仅		きみにだけ話す	只对你说	10	基础·接续助词
ながら		接助	ながら	一边……一边……		歩きながら話す	边走边谈	10	基础·接续助词
どういう	①	連体	どういう	什么样的，怎么样的		その人はどういう人か	那个人是什么样的人？	10	基础·连体词
〜番		接尾	〜ばん	（表达顺序或序号）……号		成績はクラスで2番です	成绩在班里第二	10	基础·量词单位
ぬるい	②	イ形	ぬるい	（茶、洗澡水等没有达到预期的温度）温热的；不严格的	温い	風呂がぬるい	洗澡水不够热	10	形容词·い形
危ない	⓪③	イ形	あぶない	危险的		その道は車が多くて危ない	那条路车多，很危险	10	形容词·い形
厳しい	③	イ形	きびしい	严格的，严厉的；厉害的，严峻的		私の上司はとても厳しい	我的上司非常严厉	10	形容词·い形
古い	②	イ形	ふるい	古老的，旧的		私は古い車が好きです	我喜欢旧车	10	形容词·い形
楽しい	③	イ形	たのしい	愉快的，快乐的		楽しいクリスマス	愉快的圣诞节	10	形容词·い形
汚い	③	イ形	きたない	脏的；杂乱的；卑鄙的		彼の部屋はとても汚い	他的房间非常脏乱	10	形容词·い形
温かい	④	イ形	あたたかい	温的；温暖的，热情的		温かいスープが飲みたい	想喝一口热汤	10	形容词·い形
辛い	②	イ形	からい	辣的；烈的		四川料理は辛い	川菜很辣	10	形容词·い形
あまり	⓪	ナ形・副・名	あまり	（后接否定）不太，不很；（后接肯定）太，过分		このビールはあまりおいしくありません	这啤酒不怎么好喝	10	形容词·な形
きれい	①	ナ形	きれい	好看，美丽；干净，整洁	奇麗・綺麗	彼女はとてもきれいだ	她非常漂亮	10	形容词·な形
まっすぐ	③	名・ナ形・副	まっすぐ	笔直；直接	真っ直ぐ	この道をまっすぐ行ってください	请沿着这条路直走	10	形容词·な形
下手	②	名・ナ形	へた	不擅长，笨拙		私は歌が下手だ	我唱歌很烂	10	形容词·な形
同じ	⓪	ナ形・副	おなじ	相同，一样		彼の日本語のレベルは私と同じくらいだ	他的日语水平和我差不多	10	形容词·な形
有名	⓪	ナ形	ゆうめい	有名的		静岡はお茶で有名だ	静冈以产茶而闻名	10	形容词·な形
どうぞ	①	副	どうぞ	请		こちらへどうぞ	请往这边	11	副词
また	⓪②	副・接	また	又，再；同样；另外，下次	又	明日、また来ます	明天再来	11	副词
まだ	①	副	まだ	还没；还		宿題はまだ終わっていません	作业还没写完	11	副词
毎晩	①⓪	副・名	まいばん	每晚		毎晩九時に寝る	每天晚上九点睡觉	11	副词
働く	⓪	自動1	はたらく	工作		姉は銀行で働いています	姐姐在银行工作	11	动词·一类
困る	②	自動1	こまる	感到困难；为难		生活に困る	生活困难	11	动词·一类
帰る	①	自動1	かえる	回去		家に帰る	回家	11	动词·一类
泣く	⓪	自動1	なく	哭，哭泣		うれしくて泣く	高兴得哭起来	11	动词·一类
申す	①	他動1・補動	もうす	叫作	「言う」の丁重語	私は田中と申します	敝姓田中	11	动词·一类
聞く	⓪	他動1	きく	听；询问		音楽を聞く	听音乐	11	动词·一类
走る	②	自動1	はしる	奔跑；行驶		100メートルを11秒で走る	一百米跑十一秒	11	动词·一类
びっくり	③	副・自動3	びっくり	吃惊，吓一跳		大きな音にびっくりしました	巨大的声响吓了我一跳	11	动词·三类
原因	⓪	名・自動3	げんいん	（多用于不好的）原因		この事故の原因は何ですか	这起事故的原因是什么？	11	动词·三类
生活	⓪	名・自動3	せいかつ	生活		クジラは海で生活する	鲸鱼生活在海里	11	动词·三类
相談	⓪	名・他動3	そうだん	商量，商议，征求意见		友人に相談する	和朋友商量	11	动词·三类
結婚	⓪	名・自動3	けっこん	结婚		彼女は来月結婚します	她下个月要结婚了	11	动词·三类
入れる	⓪	他動2	いれる	放进；沏（茶等）		箱に物を入れる	把东西放入盒子里	11	动词·二类
消える	⓪	自動2	きえる	熄灭；消失		突然、電気が消えた	灯突然熄了	11	动词·二类
着る	⓪	他動2	きる	穿（衣服等）		着物を着る	穿和服	11	动词·二类
答える	③②	自他動2	こたえる	回应；回答，解答		「はい」と答える	回答“是的”	11	动词·二类
妹	④	名	いもうと	（自己的）妹妹		私の妹は小学生です	我的妹妹是小学生	11	名词·人物职业
弟	④	名	おとうと	（自己的）弟弟		弟は野球が好きです	弟弟喜欢棒球	11	名词·人物职业
父	②①	名	ちち	（跟别人提及时）爸爸，父亲		父の友人	父亲的友人	11	名词·人物职业
運動会	③	名	うんどうかい	运动会		運動会で一位になった	我在运动会上得了第一名	11	名词·兴趣娱乐
音楽	①⓪	名	おんがく	音乐		音楽を聞く	听音乐	11	名词·兴趣娱乐
小学校	③	名	しょうがっこう	小学		うちの子は小学校3年生です	我家孩子上小学三年级	11	名词·场所
書き方	③④	名	かきかた	写法		手紙の書き方	信的写法	11	名词·学习教育
ただ	①	名・副・接	ただ	免费；只；不过；普通		この温泉はただです	这个温泉是免费的	11	名词·抽象概念
クラス	①	名	class	班级；等级		この学校は1クラス30人です	这所学校一个班级有三十人	11	名词·抽象概念
以外	①	名	いがい	以外		私は雨の日以外は自転車で学校に行く	除了下雨天，我都是骑自行车上学	11	名词·抽象概念
五	①	名	ご	五		一・二・三・四・五・六・七・八・九・十	数字1〜10的叫法	11	名词·数量
物	②⓪	名	もの	东西，物品		それは私の物です	那是我的东西	11	名词·方位位置
今回	①	名	こんかい	这次，这回		今回の試験はすごく難しかった	这次考试真难	11	名词·时间
時代	⓪	名	じだい	时代，时期		江戸時代	江户时代	11	名词·时间
海	①	名	うみ	大海，海洋		海を渡る	渡海	11	名词·自然天气
スリッパ	①②	名	slipper	（室内用）拖鞋		スリッパをはいてください	请穿上拖鞋	11	名词·衣物外貌
後ろ	⓪	名	うしろ	后面；背后		後ろの席	后座	11	名词·身体健康
顔	⓪	名	かお	脸；表情；面子；人		まるい顔	圆脸	11	名词·身体健康
君	⓪	代	きみ	（称呼同辈或晚辈，男性用语）你		この本を君にあげます	这本书送给你	11	基础·代词指示
おはよう	⓪	感	おはよう	早上好		おはようございます	（礼貌的说法）早上好	11	基础·感叹寒暄
全〜	①	接頭	ぜん〜	全……，全部……		全世界	全世界，全社会	11	基础·接头接尾
では	①	接	では	那么，那样的话		では、お先に	那么，我先走了	11	基础·接续助词
〜本		接尾	〜ほん	（细长物的）……支，把，瓶		指三本	三根手指	11	基础·量词单位
安い	②	イ形	やすい	便宜的		この服はとても安い	这件衣服非常便宜	11	形容词·い形
寂しい	③	イ形	さびしい	寂寞的，无聊的；荒凉的，冷清的	さみしい	友だちがいなくて寂しい	没有朋友感到寂寞	11	形容词·い形
寒い	②	イ形	さむい	（天气）冷的		今日はちょっと寒いね	今天有点冷呢	11	形容词·い形
広い	②	イ形	ひろい	宽阔的；广泛的；宽广的		広い道路	宽阔的道路	11	形容词·い形
甘い	⓪②	イ形	あまい	甜的；宽松的，不严厉的		彼女は甘いものが大好きだ	她非常爱吃甜的东西	11	形容词·い形
軽い	⓪	イ形	かるい	轻的；轻微的；轻快的；简单的；轻浮的		体重が軽い	体重轻	11	形容词·い形
黄色い	⓪	イ形	きいろい	黄色的		彼女に黄色いバラを買いました	我买了一朵黄玫瑰送给她	11	形容词·い形
黒い	②	イ形	くろい	黑色的；脏的；邪恶的		彼女は黒いドレスを着ています	她穿着黑色的礼服	11	形容词·い形
いっぱい	⓪①	ナ形・副・名	いっぱい	⓪（いっぱい）充满，很多；①一杯，一碗	一杯	プールは人でいっぱいです	游泳池里人山人海	11	形容词·な形
こんな	⓪	連体・ナ形	こんな	这样，这种		こんなに面白い本は初めて読んだ	我第一次读到这么有趣的书	11	形容词·な形
上手	③	名・ナ形	じょうず	擅长，高明		妹は歌が上手です	妹妹很会唱歌	11	形容词·な形
大丈夫	③	ナ形・副	だいじょうぶ	没问题，不要紧		これなら大丈夫だ	如果这样就没问题啦	11	形容词·な形
好き	②	名・ナ形	すき	喜欢		私はワインが好きです	我喜欢红酒	11	形容词·な形
立派	⓪	ナ形	りっぱ	优秀的，出色的		立派な大人になる	成为出色的成年人	11	形容词·な形
もう	①⓪	副	もう	已经；马上；再		彼はもう帰りました	他已经回去了	12	副词
一番	②⓪	名・副	いちばん	第一，最好；最		現場には私が一番に着いた	我第一个到了现场	12	副词
時々	⓪	副・名	ときどき	有时，偶尔		彼は時々遅刻します	他偶尔会迟到	12	副词
毎月	⓪	副・名	まいつき	每个月		毎月30万円かせぐ	每月挣三十万日元	12	副词
取る	①	他動1	とる	拿；获得		塩を取ってください	请把盐递给我	12	动词·一类
履く	⓪	他動1	はく	穿（鞋、袜）		靴下を履く	穿袜子	12	动词·一类
弾く	⓪	他動1	ひく	（用手演奏乐器）弹		ピアノを弾く	弹钢琴	12	动词·一类
待つ	①	他動1	まつ	等待		ちょっと待ってください	请稍等；请等一下	12	动词·一类
立つ	①	自動1	たつ	站立；竖立；离开，动身		彼はステージに立った	他站在舞台上	12	动词·一类
読む	①	他動1	よむ	读；看		大声で読む	大声念	12	动词·一类
遊ぶ	⓪	自動1	あそぶ	玩耍		遊園地で遊ぶ	在游乐场玩耍	12	动词·一类
チェック	①	他動3・名	check	核对，检查		人数をチェックする	核对人数	12	动词·三类
安心	⓪	名・ナ形・自動3	あんしん	放心，安心		それを聞いて安心しました	听到这个我就放心了	12	动词·三类
希望	⓪	名・他動3	きぼう	希望，期望		進学を希望する	希望升学	12	动词·三类
案内	③	名・他動3	あんない	引导，向导；传达；通知，指南		道案内をする	引路	12	动词·三类
運転	⓪	名・自他動3	うんてん	驾驶；操作		自動車を運転する	驾驶汽车；开汽车	12	动词·三类
建てる	②	他動2	たてる	盖，建造		図書館を建てる	盖图书馆	12	动词·二类
生まれる	⓪	自動2	うまれる	出生；产生，创立		杭州で生まれ上海で育った	生在杭州，长在上海	12	动词·二类
見せる	②	他動2	みせる	给……看，展现		ふたを開けて中を見せる	打开盖子给人看里面的东西	12	动词·二类
過ぎる	②	自動2	すぎる	经过；超过；过分		年月が過ぎる	岁月流逝	12	动词·二类
大人	⓪	名	おとな	成人，大人		大人の言うことを聞きなさい	要听大人的话	12	名词·人物职业
男	③	名	おとこ	男性，男人		男の学生	男学生	12	名词·人物职业
スキー	②	名	ski	滑雪		冬はよくスキーに行きます	冬天经常去滑雪	12	名词·兴趣娱乐
スポーツ	②	名	sport	运动，游戏		どんなスポーツが好きですか	你喜欢什么体育运动？	12	名词·兴趣娱乐
公園	⓪	名	こうえん	公园		公園に小さな池があります	公园里有一个小池塘	12	名词·场所
答え	②③	名	こたえ	回复；答案		いくら呼んでも答えがない	不管怎么叫都没有回应	12	名词·学习教育
一緒	⓪	名	いっしょ	一起；同样的；合在一起		一緒に食事しようか	一起吃饭吧	12	名词·抽象概念
以上	①	名	いじょう	以上		飛行機が１時間以上遅れた	飞机延误了一个多小时	12	名词·抽象概念
三	⓪	名	さん	三		一・二・三・四・五・六・七・八・九・十	数字1〜10的叫法	12	名词·数量
北側	⓪	名	きたがわ	北方，北侧		グラウンドの北側は教室だ	体育场的北边是教室	12	名词·方位位置
今		造	こん	现……，本……		今年度	本年度	12	名词·时间
今度	①	名	こんど	这次或下次；最近，上次		今度はどこに行きたいですか	下次想去哪里？	12	名词·时间
最近	⓪	名	さいきん	近来，最近		彼女は最近結婚した	她最近结婚了	12	名词·时间
花	②	名	はな	花		花が咲く	开花	12	名词·自然天气
雨	①	名	あめ	雨，雨天		雨が降っています	在下雨	12	名词·自然天气
セーター	①	名	sweater	毛衣		このセーターはウールだ	这件毛衣是羊毛的	12	名词·衣物外貌
眼鏡	①	名	めがね	眼镜		眼鏡を外す	摘下眼镜	12	名词·身体健康
内	⓪	名・代	うち	内部；我（们）的；(うち）时候		内から開く	从里面打开	12	基础·代词指示
初めまして	④	感	はじめまして	初次见面		初めまして、田中と申します	初次见面，我叫田中	12	基础·感叹寒暄
大〜		接頭	おお〜	（数量）多；（程度）甚		大急ぎ	十万火急	12	基础·接头接尾
など	①	副助	など	……等，……之类的	等	お茶などいかがですか	要来点茶之类的吗？	12	基础·接续助词
〜枚		接尾	〜まい	（纸、板、货币、盘子等薄而扁平的东西）……张，……枚		紙5枚	五张纸	12	基础·量词单位
いい	①	イ形・補形	いい	好的；可以；合适，足够	「よい」の口頭語的な言い方	いい天気	晴朗的天气	12	形容词·い形
うるさい	③	イ形	うるさい	吵的，令人烦躁的；爱唠叨的		この通りは車の音がうるさい	这条路的车声很吵	12	形容词·い形
おいしい	⓪③	イ形	おいしい	美味的，好吃的	美味しい	このケーキはおいしいね	这个蛋糕真好吃	12	形容词·い形
ない	①	イ形・補形	ない	没有，缺少	無い	ここには何もない	这里什么都没有	12	形容词·い形
小さい	③	イ形	ちいさい	小的；程度低的；年轻的		小さい花が咲いています	开了一朵小花	12	形容词·い形
少ない	③	イ形	すくない	少的		人口が少ない	人口少	12	形容词·い形
強い	②	イ形	つよい	强的，激烈的		この人は本当に力が強い	这个人真有劲	12	形容词·い形
悪い	②	イ形	わるい	坏的，不好的		仲が悪い	关系不好	12	形容词·い形
いかが	②	ナ形・副	いかが	怎样，如何		ご気分はいかがですか	您觉得身体怎么样？	12	形容词·な形
そんな	⓪	ナ形・連体・感	そんな	那样；（不）那样		そんなやり方ではだめだ	那样做是不行的	12	形容词·な形
どんな	①	ナ形・連体	どんな	什么样的，哪种		どんなご用ですか	您有什么事？	12	形容词·な形
丁寧	①	名・ナ形	ていねい	礼貌；细心周到		丁寧な言葉	礼貌的语言	12	形容词·な形
嫌い	⓪	名・ナ形	きらい	讨厌，不喜欢；（…のきらいがある）不好的倾向		私はタバコが嫌いです	我讨厌香烟	12	形容词·な形
結構	①	名・副・ナ形	けっこう	非常好；（表示拒绝）不需要，够了；可以，好；还不错		結構なおみやげをありがとう	谢谢你送的精美礼物	12	形容词·な形
どうやって		成句	どうやって	怎么（做）		どうやってその本を手に入れたの	你是怎样把那本书弄到手的？	12	惯用表达
先に	⓪	副	さきに	之前，以前		先に述べたように	如前所述	13	副词
初めて	②	副	はじめて	初次，第一次		東京に来るのは初めてです	我是第一次来东京	13	副词
いらっしゃる	④	自動1・補動	いらっしゃる	来；去；在	「居る」 「来る」 「行く」の尊敬語	お客様がいらっしゃいました	有客人来了	13	动词·一类
しまう	⓪	他動1・補動	しまう	收拾；做完；停业；非本意的事情发生	仕舞う・終う	本をたなにしまう	把书放回书架上	13	动词·一类
代わる	⓪	自動1	かわる	（替）代；代（表）	替わる・換わる	千円札が硬貨に替わる	把千元纸钞换成硬币	13	动词·一类
合う	①	自動1	あう	一致；合适；协调		意見が合う	意见一致	13	动词·一类
決まる	⓪	自動1	きまる	决定，规定；一定		旅行の日程が決まりました	旅行的日程决定了	13	动词·一类
磨く	⓪	他動1	みがく	磨，刷；磨练		歯を磨く	刷牙	13	动词·一类
間違う	③	自他動1	まちがう	错；弄错		答えが間違っている	答案错了	13	动词·一类
飛ぶ	⓪	自動1	とぶ	飞翔；吹起		鳥が飛んでいます	鸟儿在飞翔	13	动词·一类
予約	⓪	名・他動3	よやく	预约，预订		レストランを予約しました	预定了餐厅	13	动词·三类
営業	⓪	名・自他動3	えいぎょう	营业，经商		24時間営業	24小时营业	13	动词·三类
承知	⓪	名・他動3	しょうち	知道，明白；答应，同意		承知いたしました	我知道了	13	动词·三类
水泳	⓪	名・自動3	すいえい	游泳		水泳が得意だ	擅长游泳	13	动词·三类
関係	⓪	名・自動3	かんけい	与……有关系；关系		この問題に関係する人	与这件事有关系的人	13	动词·三类
汚れる	⓪	自動2	よごれる	脏		エプロンをしないと服が汚れます	不穿围裙的话衣服会弄脏	13	动词·二类
決める	⓪	他動2	きめる	决定，规定；决心；断定		決めた時間に来た	在约定时间来了	13	动词·二类
集める	③	他動2	あつめる	集合，集中，收集		全校の生徒を集める	召集全校学生	13	动词·二类
食べる	②	他動2	たべる	吃		ご飯を食べる	吃饭	13	动词·二类
アナウンサー	③	名	announcer	播音员		ラジオのアナウンサー	广播播音员	13	名词·人物职业
留学生	③④	名	りゅうがくせい	留学生		中国人留学生	中国留学生	13	名词·人物职业
椅子	⓪	名	いす	椅子；地位		椅子に座る	坐在椅子上	13	名词·住宅设备
階段	⓪	名	かいだん	楼梯，台阶		階段を上がる	上楼梯	13	名词·住宅设备
中学	①	名	ちゅうがく	中学；初中	「中学校」の略	息子は中学に通っています	儿子在上初中	13	名词·场所
中学校	③	名	ちゅうがっこう	初中		息子の中学校は家から5分です	儿子的初中离家五分钟	13	名词·场所
片仮名	③⓪	名	かたかな	片假名		片仮名は漢字の一部を借りて作られた	片假名是借用汉字的一部分创造出来的	13	名词·学习教育
交番	⓪	名	こうばん	警亭，派出所		あそこの交番で道を聞きましょう	去那边的派出所问路吧	13	名词·抽象概念
金	⓪	名	かね	金钱，钱		金がかかる	费钱	13	名词·抽象概念
六	⓪	名	ろく	六		一・二・三・四・五・六・七・八・九・十	数字1〜10的叫法	13	名词·数量
辺り	①	名	あたり	附近；（あたり）大约		辺りに誰もいなかった	附近一个人也没有	13	名词·方位位置
道具	③	名	どうぐ	工具		釣り道具	钓具；鱼具	13	名词·日用品
手	①	名・接尾	て	手，手臂；把手；……的人		右手	右手	13	名词·身体健康
歯	①	名	は	牙，牙齿		歯が抜けた	牙掉了	13	名词·身体健康
みそ汁	③	名	みそしる	味噌汤	味噌汁	私は毎日みそ汁を飲みます	我每天都会喝味噌汤	13	名词·饮食
ナイフ	①	名	knife	小刀；餐刀		ナイフで肉を切る	用刀切肉	13	名词·饮食
ラーメン	①	名	らーめん	拉面	拉麺	ラーメン屋	拉面店	13	名词·饮食
レストラン	①	名	(フ) restaurant	西餐厅，饭店		レストランでインド料理を食べました	我在餐厅吃了印度料理	13	名词·饮食
果物	②	名	くだもの	水果		デザートに果物を食べましょう	饭后吃点水果吧	13	名词·饮食
牛乳	⓪	名	ぎゅうにゅう	牛奶		毎朝牛乳を1杯飲む	每天早上喝一杯牛奶	13	名词·饮食
〜にくい		接尾	〜にくい	难……	難い；動詞の連用形に付いて複合語を作る	わかりにくい	难懂	13	基础·接尾
それで	⓪	接	それで	因此，所以；（表示催促）那么，后来		電車が遅れた。それで、会議に間に合わなかった	因为电车晚点，所以没能赶上会议	13	基础·接续助词
〜目		接尾	〜め	（顺序的数法）第……个		3年目	第三年	13	基础·量词单位
太い	②	イ形	ふとい	胖的；粗的		彼女は足が太い	她的腿很粗	13	形容词·い形
短い	③	イ形	みじかい	短的；短暂的		髪の毛を短く切る	剪短头发	13	形容词·い形
遠い	⓪	イ形	とおい	远的		家から学校までは遠いです	从家里到学校很远	13	形容词·い形
長い	②	イ形	ながい	长的；长久的		いちばん長い川	最长的河流	13	形容词·い形
久しぶり	⓪⑤	名・ナ形	ひさしぶり	久违		お久しぶりです	好久不见	13	形容词·な形
嫌	②	ナ形	いや	讨厌的，反感的		嫌な顔をする	露出不愿意的神色	13	形容词·な形
静か	①	ナ形	しずか	安静；平静；悄悄地		お静かに願います	请安静！	13	形容词·な形
これから	④⓪	名・副	これから	从现在起，之后		これからはもっと気を付けます	我以后会更加注意	14	副词
それぞれ	②③	名・副	それぞれ	各个，各自，分别		人はそれぞれ考え方が違います	每个人的想法都不同	14	副词
毎週	⓪	副・名	まいしゅう	每周		私は毎週母に電話をします	我每周都会打电话给妈妈	14	副词
もらう	⓪	他動1・補動	もらう	得到，获得	貰う	彼女からプレゼントをもらいました	我收到了她送的礼物	14	动词·一类
出す	①	他動1	だす	拿出，取出；上交，提出；邮寄		彼はかばんから教科書を出した	他从书包里拿出课本	14	动词·一类
回る	⓪	自動1	まわる	旋转		扇風機が回る	电风扇转动	14	动词·一类
曲がる	⓪	自動1	まがる	弯曲；拐弯		腰が曲がる	腰弯了	14	动词·一类
渡る	⓪	自動1	わたる	渡过，通过		橋を渡る	过桥	14	动词·一类
見つかる	⓪	自動1	みつかる	被找到；被发现		メガネが見つかりません	找不到眼镜	14	动词·一类
頂く	⓪	他動1・補動	いただく	吃，喝；得到	「食べる」 「飲む」「もらう」の謙譲語	少々お時間を頂けませんか	能否稍微占用您一点时间？	14	动词·一类
飾る	⓪	他動1	かざる	装饰，装点		部屋に花を飾る	在房间里装饰花朵	14	动词·一类
寝坊	⓪	名・ナ形・自動3	ねぼう	睡懒觉（的人）		今朝は寝坊しました	今天早上睡过头了	14	动词·三类
研究	⓪	名・他動3	けんきゅう	研究		彼は何年も地震の研究をしている	他研究地震已有多年	14	动词·三类
紹介	⓪	名・他動3	しょうかい	介绍		順番に自己紹介してください	请按顺序自我介绍一下	14	动词·三类
見学	⓪	名・他動3	けんがく	参观，参观学习		今日、工場の見学に行きました	今天去参观工厂了	14	动词·三类
やめる	⓪	他動2	やめる	停止，放弃，取消；戒掉	止める	計画をやめる	取消计划	14	动词·二类
並べる	⓪	他動2	ならべる	排列		肩を並べて歩く	并肩走	14	动词·二类
似る	⓪	自動2	にる	相似，像		あのふたごはよく似ている	那对双胞胎长得真像	14	动词·二类
捨てる	⓪	他動2	すてる	扔掉；抛弃		ごみを捨てる	扔垃圾	14	动词·二类
ラジオ	①	名	radio	收音机；广播		ラジオをつける	打开收音机	14	名词·IT通信
両親	①	名	りょうしん	双亲，父母		私の両親は大阪に住んでいます	我的父母住在大阪	14	名词·人物职业
運転手	③	名	うんてんしゅ	司机		彼はタクシーの運転手です	他是出租车司机	14	名词·人物职业
ベッド	①	名	bed	床		ベッドで寝る	在床上睡觉	14	名词·住宅设备
建物	②③	名	たてもの	建筑物，房屋		これは日本一古い建物です	这是日本最古老的建筑物	14	名词·住宅设备
図書館	②	名	としょかん	图书馆		図書館で料理の本を借りた	在图书馆借了烹饪的书	14	名词·场所
町	②	名	まち	城镇；町		この町に住んでもう10年になる	我在这个城市已经住了十年了	14	名词·场所
学	⓪①	名・造	がく	……学科		言語学	语言学	14	名词·学习教育
使い方	⓪	名	つかいかた	用法		正しい使い方	正确的用法	14	名词·抽象概念
音	②	名	おと	（非生命物体发出的）声音		音を立てる	发出声音	14	名词·抽象概念
何回	①③⓪	名	なんかい	几次，多少次		何回やってもできない	不管试多少次都做不到	14	名词·数量
方向	⓪	名	ほうこう	方向；方针		北の方向を指す	指向北方	14	名词·方位位置
左手	⓪	名	ひだりて	左手		左手を挙げる	举起左手	14	名词·身体健康
指	②	名	ゆび	手指，脚趾		指の先	指尖	14	名词·身体健康
バナナ	①	名	banana	香蕉		バナナの皮をむく	剥香蕉皮	14	名词·饮食
ページ	⓪	名	page	页，页面		教科書の36ページを開いてください	请打开课本第三十六页	14	名词·饮食
向こう	②⓪	名	むこう	正面；对面；对方；（远处看不到的）那边		友達は向こうにいます	朋友在对面	14	名词·饮食
喫茶店	⓪③	名	きっさてん	咖啡厅，茶馆		喫茶店でコーヒーを飲んだ	在咖啡厅喝了咖啡	14	名词·饮食
紅茶	⓪	名	こうちゃ	红茶		紅茶をいれる	泡红茶	14	名词·饮食
飲み物	②	名	のみもの	饮料		何か飲み物が欲しいなあ	好想喝点什么	14	名词·饮食
それとも	③	接	それとも	或者，还是		お茶にしますか、それともコーヒーにしますか	你要喝茶还是咖啡？	14	基础·接续助词
次に	②	接	つぎに	接着，其次		次に大事なことは…	其次重要的是……	14	基础·接续助词
〜屋		接尾	〜や	从事某种买卖的店或人；具有某种性格的人		魚屋	鱼店	14	基础·量词单位
狭い	②	イ形	せまい	窄的，狭小的；狭隘的		狭い部屋	狭小的屋子	14	形容词·い形
若い	②	イ形	わかい	年轻的；年幼的；幼稚的		若い人が好む味	年轻人喜欢的味道	14	形容词·い形
重い	⓪	イ形	おもい	重的；沉重的；严重的		このかばんは重いです	这个包包很重	14	形容词·い形
高い	②	イ形	たかい	高的；贵的		高い山	高山	14	形容词·い形
あんな	⓪	連体・ナ形	あんな	那样；那种		彼があんな人だとは思わなかった	没想到他是那样的人	14	形容词·な形
危険	⓪	名・ナ形	きけん	危险		危険な実験	危险的实验	14	形容词·な形
安全	⓪	名・ナ形	あんぜん	安全		安全が第一です	安全第一	14	形容词·な形
こう	⓪①	副	こう	这样，这么		こう小さい字は読めない	这么小的字我读不了	15	副词
少し	②	副	すこし	很少，一点点		少し疲れました	有点累了	15	副词
毎年	⓪	副・名	まいとし	每年		毎年冬になると風邪を引く	每年一到冬天就感冒	15	副词
やる	⓪	他動1・補動	やる	做；（上级给下级，人给动物等）给	遣る	一緒に宿題をやろう	一起写作业吧	15	动词·一类
喜ぶ	③	他動1	よろこぶ	欢喜，高兴；（「喜んで」の形で）欣然接受		友だちの結婚を喜ぶ	为朋友的结婚感到高兴	15	动词·一类
撮る	①	他動1	とる	照相，摄像		写真を撮る	照相	15	动词·一类
歩く	②	自動1	あるく	步行		ここから駅まで歩く	从这里走到车站	15	动词·一类
行う	⓪	他動1	おこなう	举行，进行		毎年、秋に運動会を行います	每年秋天都会举办运动会	15	动词·一类
閉まる	②	自動1	しまる	关闭		店が閉まる	店打烊了	15	动词·一类
驚く	③	自動1	おどろく	吃惊，惊讶		大声に驚く	因大声而吓一跳	15	动词·一类
入院	⓪	名・自動3	にゅういん	住院		入院して検査を受ける	住院接受检查	15	动词·三类
成功	⓪	名・自動3	せいこう	成功		ついに実験が成功した	实验终于成功了	15	动词·三类
計画	⓪	名・他動3	けいかく	计划，规划		計画を立てる	制订计划	15	动词·三类
返事	③	名・自動3	へんじ	答应，回答，回信		いくら呼んでも返事がない	不管怎么叫都没有回应	15	动词·三类
遠慮	⓪①	名・自他動3	えんりょ	客气；谢绝		ご遠慮なく	请不要客气	15	动词·三类
倒れる	③	自動2	たおれる	绊倒，倒下		地震で家が倒れた	因为地震，房子倒塌了	15	动词·二类
助ける	③	他動2	たすける	帮助，帮忙，救济；救助，救命		彼が荷物を運ぶのを助ける	帮他搬行李	15	动词·二类
濡[ぬ]れる	⓪	自動2	ぬれる	淋湿，弄湿	濡れる	雨に濡れる	被雨淋湿	15	动词·二类
見える	②	自動2	みえる	看得见；看起来是		ここから富士山が見える	这里看得到富士山	15	动词·二类
メール	⓪	名	mail	（电子）邮件		メールを送信する	发电子邮件	15	名词·IT通信
友達	⓪	名	ともだち	朋友		私には友達がたくさんいます	我有很多朋友	15	名词·人物职业
隣	⓪	名	となり	旁边；邻居		隣の席の人と話す	和旁边坐位上的人说话	15	名词·人物职业
家具	①	名	かぐ	家具		家具を設置する	摆设家具	15	名词·住宅设备
窓	①	名	まど	窗户		窓を開ける	打开窗户	15	名词·住宅设备
大学	⓪	名	だいがく	大学		娘は大学1年生です	女儿在读大一	15	名词·场所
教科書	③	名	きょうかしょ	教科书，课本		教科書を予習する	预习课本	15	名词·学习教育
一人	②	名	ひとり	一个人；独自		そこには私一人しかいなかった	那里只有我一个人	15	名词·抽象概念
最初	⓪	名	さいしょ	第一，开始，最初		最初に出会った人	初次见到的人	15	名词·抽象概念
荷物	①	名	にもつ	行李，货物		荷物を運ぶ	搬运行李	15	名词·抽象概念
二	①	名	に	二		一・二・三・四・五・六・七・八・九・十	數字1〜10的叫法	15	名词·数量
近所	①	名	きんじょ	近处，附近		駅の近所に住む	住在车站附近	15	名词·方位位置
ごみ	②	名	ごみ	垃圾		ごみを捨てる	丢垃圾	15	名词·日用品
耳	②	名	みみ	耳朵；听力；把手，边角		ウサギの耳は長い	兔子的耳朵很长	15	名词·身体健康
りんご	⓪	名	りんご	苹果	林檎	りんごをむく	削苹果皮	15	名词·饮食
メートル	⓪	名	metre	米		100メートルを10秒で走る	用十秒跑完一百米	15	名词·饮食
下	⓪②	名	した	下面；里面；（年龄、地位、程度、能力等）低		屋上から下を見る	从房顶往下看	15	名词·饮食
外	①	名	そと	外边，外面，外部		外は暑いよ	外面很热哦	15	名词·饮食
横	⓪	名	よこ	横；侧面，旁边；躺下		横に歩く	横着走	15	名词·饮食
〜匹		接尾	〜ひき	（猫、狗、鸟、鱼、虫等小动物）……只，……条		1匹の子イヌ	一只小狗	15	基础·接尾
それなら	③	接	それなら	如果那样的话		それなら、私も行かない	如果是那样的话，我也不去了	15	基础·接续助词
〜足		接尾	〜そく	……双		靴下1足	一双袜子	15	基础·量词单位
低い	②	イ形	ひくい	矮的；（声音）小的；低的		彼は背が低い	他长得不高	15	形容词·い形
厚い	⓪	イ形	あつい	厚的；（人情）深厚的		その辞書はとても厚い	那本辞典很厚	15	形容词·い形
新しい	④	イ形	あたらしい	新的		大学に入って新しい友達ができた	上大学后交到了新朋友	15	形容词·い形
早い	②	イ形	はやい	早的		朝起きるのが早い	早上起得早	15	形容词·い形
便利	①	名・ナ形	べんり	方便，便利		インターネットはとても便利です	网络非常方便	15	形容词·な形
大切	⓪	ナ形	たいせつ	重要，宝贵；爱护，小心		大切なこと	重要的事	15	形容词·な形
暇	⓪	名・ナ形	ひま	（做某事的）时间；闲空，余暇		忙しくてお昼を食べる暇もない	忙得连吃午饭的时间都没有	15	形容词·な形
簡単	⓪	ナ形	かんたん	简单，简便		この料理はとても簡単です	这道菜很简单	15	形容词·な形
ああ	⓪	副	ああ	那样，那么		ああいうことをしてはいけない	不可以做那种事	16	副词
そのまま	④⓪	副・名	そのまま	就那样；原封不动		そのままお待ちください	请稍等	16	副词
毎日	①⓪	副・名	まいにち	每天		私たちは毎日散歩をします	我们每天都会去散步	16	副词
〜出す		動1	〜だす	……出来；开始……	動詞の連用形に付いて複合動詞を作る	取り出す	取出来	16	动词·一类
思い出す	④	他動1	おもいだす	想起，回忆起		昔のことを思い出した	想起过去的事情	16	动词·一类
急ぐ	②	自他動1	いそぐ	赶紧，着急		急いで出かける	急急忙忙出门	16	动词·一类
治る	②	自動1	なおる	病愈，痊愈		病気が治る	疾病痊愈	16	动词·一类
貼る	⓪	他動1	はる	贴，张贴		ポスターを貼る	贴海报	16	动词·一类
返す	①	他動1	かえす	归还；翻（过来）		図書館に本を返した	把书还回图书馆了	16	动词·一类
開く	②	自他動1	ひらく	开；开张		会議をひらく	召开会议	16	动词·一类
出発	⓪	名・自動3	しゅっぱつ	出发，启程		あと15分で出発です	再过十五分钟就要出发了	16	动词·三类
反対	⓪	名・ナ形・自動3	はんたい	相反；反对		反対の方向	相反方向	16	动词·三类
心配	⓪	名・ナ形・自他動3	しんぱい	担心；操心		心配を掛ける	让……操心	16	动词·三类
連絡	⓪	名・自他動3	れんらく	联系，联络		先生にメールで連絡をする	用电子邮件和老师联络	16	动词·三类
食事	⓪	名・自動3	しょくじ	吃饭，进餐		食事をとる	用餐	16	动词·三类
始める	⓪	他動2	はじめる	开始，开创；开始……		授業を始める	开始上课	16	动词·二类
止める	⓪	他動2	とめる	使停下；制止		車を止める	把车停下	16	动词·二类
調べる	③	他動2	しらべる	查，调查		電話番号を調べる	查找电话号码	16	动词·二类
足りる	⓪	自動2	たりる	足够；值得		1万円あれば足りる	有一万日元就够了	16	动词·二类
下さい	③	補動	ください	请给（我）；请……		何か食べるものを下さい	请给我点吃的东西	16	动词·补助
客	⓪	名	きゃく	客人，顾客		その店は若い客が多いです	那间店年轻的客人很多	16	名词·人物职业
机	⓪	名	つくえ	桌子，书桌		勉強机	书桌	16	名词·住宅设备
鍵	②	名	かぎ	钥匙；锁；关键		玄関の鍵	大门的钥匙	16	名词·住宅设备
青	①	名	あお	蓝色；青色，绿色；绿灯		青空	蓝天	16	名词·住宅设备
田	①	名	た	田，稻田		田に水を引く	往田里引水	16	名词·其他
村	②	名	むら	村庄，农村		山の小さな村	山间小村庄	16	名词·场所
平仮名	③⓪	名	ひらがな	平假名		平仮名で書く	用平假名写	16	名词·学习教育
円	①	名・造	えん	圆形；日元		コンパスで円を描く	用圆规画圆	16	名词·抽象概念
最後	①	名	さいご	最后		今日が夏休み最後の日だ	今天是暑假最后一天	16	名词·抽象概念
八	②	名	はち	八		一・二・三・四・五・六・七・八・九・十	数字1〜10的叫法	16	名词·数量
周り	⓪	名	まわり	周围，四周；附近		先生の周りに集まってください	请到老师身边集合	16	名词·方位位置
地図	①	名	ちず	地图		世界地図	世界地图	16	名词·日用品
出口	①	名	でぐち	出口		出口はあそこです	出口在那边	16	名词·身体健康
首	⓪	名	くび	脖子；颈；头		きりんの首は長い	长颈鹿的脖子很长	16	名词·身体健康
パン	①	名	(ポ) pão	面包		焼きたてのパン	刚出炉的面包	16	名词·饮食
ミルク	①	名	milk	牛奶		ミルクティー	奶茶	16	名词·饮食
塩	②	名	しお	食盐		もうちょっと塩を入れて	再加点盐	16	名词·饮食
後	①	名	あと	后面；之后		列の後につく	排在队伍的最后面	16	名词·饮食
魚	⓪	名	さかな	鱼，鱼类		魚を釣る	钓鱼	16	名词·饮食
〜様		接尾	〜さま	（表达敬意）……先生，……女士		お父様	父亲；令尊	16	基础·接尾
けれど	①	接・接助・終助	けれど	不过，可是	けれども	読めるけれど書けない	会念可是不会写	16	基础·接续助词
〜人		接尾	〜じん	（用来根据职业、国籍、出身地等称呼他人的词语）……人		宇宙人	外星人	16	基础·量词单位
多い	①②	イ形	おおい	多的		京都にはお寺が多い	京都的寺庙很多	16	形容词·い形
大きい	③	イ形	おおきい	大的；程度高的；年长的		あの大きい建物は何ですか	那栋大建筑物是什么？	16	形容词·い形
赤い	⓪	イ形	あかい	红色的		夕焼けが赤い	夕阳是红色的	16	形容词·い形
近い	②	イ形	ちかい	近的，靠近的		駅はここから近いです	车站离这里很近	16	形容词·い形
本当	⓪	名・ナ形	ほんとう	真实，事实，真的		あなたが本当に好きです	我真的喜欢你	16	形容词·な形
楽しみ	③④⓪	名・ナ形	たのしみ	乐趣；期待		釣りを楽しみとする	以钓鱼为乐	16	形容词·な形
残念	③	ナ形・名	ざんねん	悔恨，懊悔；遗憾		残念、まちがえた	真可惜，弄错了	16	形容词·な形
いつでも	①	副	いつでも	无论什么时候，总是		いつでも音楽が楽しめる	随时都能欣赏音乐	17	副词
どんどん	①	副	どんどん	咚咚声；不断地，顺利地		ドアをどんどんとたたいた	咚咚敲门	17	副词
もうすぐ	③	副	もうすぐ	马上就要		もうすぐ終わる	马上就结束	17	副词
おる	①	自動1・補動	おる	在	「いる」の丁寧語	母は今、うちにおりません	母亲现在不在家	17	动词·一类
写す	②	他動1	うつす	抄；拍照		ノートを写す	抄笔记	17	动词·一类
空く	⓪	自動1	あく	空；空闲；空缺		空いた箱を利用する	利用空箱子	17	动词·一类
通る	①	自動1	とおる	通过，走过，穿过；合格；得到承认		家の前を通る	经过家门口	17	动词·一类
進む	⓪	自動1	すすむ	前进；进步；进展		前へ進め	前进！	17	动词·一类
おしゃべり	②	名・ナ形・自他動3	おしゃべり	喋喋不休（的人）；聊天	お喋り	おしゃべりな人	喋喋不休的人	17	动词·三类
スイッチ	①②	他動3・名	switch	开关		スイッチを入れる	打开开关	17	动词·三类
利用	⓪	名・他動3	りよう	利用，使用		サービスを利用する	享用服务	17	动词·三类
増える	②	自動2	ふえる	增加，增多		この町は人口が増えた	这个城市的人口增加了	17	动词·二类
生きる	②	自動2	いきる	生存；生活		百歳まで生きる	活到一百岁	17	动词·二类
知らせる	⓪	他動2	しらせる	通知		面接の結果を知らせる	通知面试结果	17	动词·二类
高校生	③	名	こうこうせい	高中生		私の弟は高校生です	我弟弟是高中生	17	名词·人物职业
写真	⓪	名	しゃしん	照片		写真を撮る	照相	17	名词·兴趣娱乐
人気	⓪	名	にんき	人气，受欢迎		人気がある	很红；有人缘；有人望；受欢迎；有人气	17	名词·抽象概念
全部	①	名・副	ぜんぶ	全部		それ、全部ください	那些，我全都要	17	名词·抽象概念
種類	①	名	しゅるい	种类		たくさんの種類の商品	各种各样的商品	17	名词·抽象概念
一生	⓪	名	いっしょう	一生，一辈子		一生のお願いがあります	此生唯一的愿望	17	名词·时间
時間割	⓪	名	じかんわり	时间表，课程表		明日の授業は時間割りどおりです	明天的课程按照课表进行	17	名词·时间
過去	①	名	かこ	过去，既往		それは過去の話だ	那是过去的事了	17	名词·时间
声	①	名	こえ	（人或动物发出的）声音；意见，反馈		彼は大きな声で話した	他大声说话	17	名词·自然天气
空	①	名	そら	天空		空を飛ぶ	在天空中飞翔	17	名词·自然天气
色	②	名	いろ	颜色；肤色；种类		すてきな色のセーターですね	那件毛衣的颜色真漂亮	17	名词·衣物外貌
病気	⓪	名	びょうき	疾病		治りにくい病気	难治的病	17	名词·身体健康
風邪	⓪	名	かぜ	感冒		風邪をひく	感冒	17	名词·身体健康
次	②	名	つぎ	下一个，下面		次の駅	下一站	17	名词·饮食
両	①	接頭・接尾	りょう	两……；（列车）节		両チーム	两支队伍	17	基础·接头接尾
〜方		接尾	〜かた	……方法		使い方	用法	17	基础·接尾
それに	⓪	接	それに	而且，还有		熱があるし、それにせきも出る	不仅发烧，还咳嗽不止	17	基础·接续助词
明るい	⓪③	イ形	あかるい	明亮的；快活的		明るい部屋	明亮的房间	17	形容词·い形
熱い	②	イ形	あつい	热的，烫的		熱いお粥	热粥	17	形容词·い形
痛い	②	イ形	いたい	疼痛的；痛苦的		腰が痛い	腰疼	17	形容词·い形
良い	①	イ形	よい	优秀的；好的；亲近的；没关系；确实的		頭が良い	聪明；头脑好	17	形容词·い形
幸せ	⓪	名・ナ形	しあわせ	幸福		幸せな日を送る	度过幸福的一天	17	形容词·な形
必要	⓪	名・ナ形	ひつよう	必要，必需		私にはたくさんのお金が必要だ	我需要很多钱	17	形容词·な形
どれぐらい		成句	どれぐらい	多少		このゾウの重さはどれぐらいありますか	这头象有多重	17	惯用表达
ずっと	⓪	副	ずっと	……得很；一直		これよりずっと多い	比这多得多	18	副词
そろそろ	①	副	そろそろ	快要，就要（做某事）		そろそろ始めましょうか	差不多该开始了	18	副词
なさる	②	他動1・補動	なさる	做	「なす」 「する」の尊敬語	お申し込みなさるのでしたら、こちらにお並びください	如果要申请的话，请在这边排队	18	动词·一类
動く	②	自動1	うごく	动，活动，开动；移动；动摇		エンジンが動かなくなった	发动机停了	18	动词·一类
続く	⓪	自動1	つづく	继续，持续；接连发生；接着，跟着		雨の日が続く	连日下雨	18	动词·一类
起こす	②	他動1	おこす	叫醒；发起，引起		あした6時に起こしてください	请在明天六点钟把我叫起来	18	动词·一类
間に合う	③	自動1	まにあう	赶上，来得及		電車に間に合う	赶上电车	18	动词·一类
にこにこ	①	副・自動3	にこにこ	笑眯眯		彼女はいつもにこにこしています	她总是笑咪咪的	18	动词·三类
予定	⓪	名・他動3	よてい	预定，计划		今日の予定を教えてください	请告诉我今天的安排	18	动词·三类
卒業	⓪	名・自動3	そつぎょう	毕业		私は去年、大学を卒業した	我去年从大学毕业	18	动词·三类
参加	⓪	名・自動3	さんか	参加		明日は市民マラソンに参加します	明天参加市民马拉松	18	动词·三类
尋ねる	③	他動2	たずねる	探索，查明；询问		真相を尋ねる	查明真相	18	动词·二类
考える	④③	他動2	かんがえる	想，思考，研究		よく考えてください	请仔细想想	18	动词·二类
見つける	⓪	他動2	みつける	找到，发现		新しい仕事を見つけました	找到新工作了	18	动词·二类
妻	①	名	つま	妻子		今日は妻の誕生日だ	今天是妻子的生日	18	名词·人物职业
興味	①	名	きょうみ	兴趣		興味を持つ	感兴趣	18	名词·兴趣娱乐
会議室	③	名	かいぎしつ	会议室		会議室を準備する	准备会议室	18	名词·工作职场
二人	③⓪	名	ふたり	两个人		今日は妻と二人で食事をします	今天和妻子两个人一起吃饭	18	名词·抽象概念
夢	②	名	ゆめ	梦；理想；幻想；虚幻		夢を見る	做梦	18	名词·抽象概念
所	③	名	ところ	场所，地方		座る所がない	没有地方坐	18	名词·抽象概念
お昼	②	名	おひる	中午；午饭		お昼までには戻ります	中午之前会回来	18	名词·时间
以来	①	名	いらい	以来，以后		それ以来彼女に会ってない	在那之后我就没再见过她	18	名词·时间
生年月日	⑤	名	せいねんがっぴ	出生年月日		あなたの生年月日を教えてください	请告诉我你的出生日期	18	名词·时间
傘	①	名	かさ	雨伞		傘をさす	撑伞；打伞	18	名词·自然天气
晴れ	②	名	はれ	晴天		明日の天気は晴れです	明天是晴天	18	名词·自然天气
ボタン	⓪①	名	button	纽扣；按钮		ボタンが取れている	钮扣掉了	18	名词·衣物外貌
靴	②	名	くつ	鞋子		靴のかかと	鞋后跟	18	名词·衣物外貌
問題	⓪	名	もんだい	问题，题目；麻烦事		問題に答える	回答问题	18	名词·身体健康
背	①⓪	名	せ	身高		背が高い	个子高	18	名词·身体健康
酒	⓪	名	さけ	酒；酒量		お酒を飲む	喝酒；饮酒	18	名词·饮食
第〜	①	名	だい〜	第		第一回	第一次	18	基础·接头接尾
〜的		接尾	〜てき	像……般的；……（上）的；关于	～tic	家庭的な雰囲気	家庭般的氛围	18	基础·接尾
暖かい	④	イ形	あたたかい	（天气）暖和的		暖かい日ざし	温暖的阳光	18	形容词·い形
難しい	④⓪	イ形	むずかしい	难的		問題が難しくてとけない	问题太难了，解不开	18	形容词·い形
面白い	④	イ形	おもしろい	有趣的；快乐的，愉快的		この本はおもしろい	这本书很有意思	18	形容词·い形
大事	③⓪	名・ナ形	だいじ	重要；珍惜，保重；大事，重大问题		大事な用事	重要的事	18	形容词·な形
熱心	①③	名・ナ形	ねっしん	热心，热情		勉強に熱心だ	热衷于学习	18	形容词·な形
自然	⓪	ナ形・副・名	しぜん	大自然；自然地		自然を保護する	保护大自然	18	形容词·な形
まだまだ	①	副	まだまだ	还，仍		まだまだ勉強する必要がある	还需要多多学习	19	副词
何で	①	副	なんで	为什么，为何		彼女は何で来ないんだろう	她为什么不来呢？	19	副词
上がる	⓪	自動1	あがる	登上；上升；结束		階段を上がる	上楼梯	19	动词·一类
楽しむ	③	他動1	たのしむ	享受；盼望		人生を楽しむ	享受人生	19	动词·一类
残る	②	自動1	のこる	剩下，留下		料理がたくさん残りました	剩了很多菜	19	动词·一类
起こる	②	自動1	おこる	发生；发作；产生		変化が起こる	发生变化	19	动词·一类
集まる	③	自動1	あつまる	汇集，集合		駅前に人が集まっています	车站前聚集了很多人	19	动词·一类
失敗	⓪	名・自他動3	しっぱい	失败		実験に失敗する	实验失败	19	动词·三类
失礼	②	名・ナ形・自動3	しつれい	失礼；离开，退席		失礼なことを言う	说不礼貌的话	19	动词·三类
注意	①	名・自他動3	ちゅうい	注意，留神；提醒，警告		足元に注意してください	请注意脚下安全	19	动词·三类
無理	①	名・ナ形・自動3	むり	不合理；勉强，难以办到；强行		無理しないでください	请不要勉强	19	动词·三类
乗り換える	④③	自他動2	のりかえる	换乘		東京駅で新幹線に乗り換える	在东京站换乘新干线	19	动词·二类
逃げる	②	自動2	にげる	逃跑；逃避		外国に逃げる	逃往国外	19	动词·二类
姉	⓪	名	あね	（自己的）姐姐；嫂子		姉は大学生です	姐姐是大学生	19	名词·人物职业
手紙	⓪	名	てがみ	书信		手紙を出す	寄信	19	名词·兴趣娱乐
歌	②	名	うた	歌曲		ピアノに合わせて歌を歌う	和着钢琴的旋律唱歌	19	名词·兴趣娱乐
人間	⓪	名	にんげん	人，人类		人間の心は複雑です	人心很复杂	19	名词·抽象概念
心	②③	名	こころ	心；心情；意愿		心の中で笑う	心中窃笑	19	名词·抽象概念
方	②	名	かた	……位，……人	人を尊重して言うことば	次の方、どうぞ	下一位，请	19	名词·抽象概念
シーズン	①	名	season	季节；好时节		新緑のシーズン	新绿的季节	19	名词·时间
昔	⓪	名	むかし	过去，以前		昔のことを思い出した	想起了过去的事	19	名词·时间
昼休み	③	名	ひるやすみ	午休		昼休みは12時から1時までの1時間です	午休为十二点至一点的一小时	19	名词·时间
象	①	名	ぞう	大象		アフリカ象	非洲象	19	名词·自然天气
靴下	②④	名	くつした	袜子		靴下を履く	穿袜子	19	名词·衣物外貌
黒	①	名	くろ	黑色		黒のボールペンはありますか	有黑色的圆珠笔吗？	19	名词·衣物外貌
体	⓪	名	からだ	身体；体格；健康		体を動かす	活动身体	19	名词·身体健康
病院	⓪	名	びょういん	医院（拥有20张及以上床位）		病院に通う	去医院就诊	19	名词·身体健康
頭	③②	名	あたま	头；顶部；头脑		頭が痛い	头痛	19	名词·身体健康
砂糖	②	名	さとう	砂糖		砂糖をかける	撒上糖	19	名词·饮食
だけど	①	接・接助	だけど	可是，然而	だけれども	何度も失敗した、だけどあきらめきれない	虽然好几次都失败了，然而并不死心	19	基础·接续助词
発		造	はつ	……出发；……发送；颗，发		上野発の電車	上野出发的电车	19	基础·造语
欲しい	②	イ形・補形	ほしい	想要；（「…てほしい」）想要……做		パソコンが欲しい	想要电脑	19	形容词·い形
涼しい	③	イ形	すずしい	（天气）凉爽的，凉快的		今日は昨日より涼しい	今天比昨天凉快	19	形容词·い形
青い	②	イ形	あおい	蓝色的；绿色的；苍白的；不成熟的		青い空	蓝天	19	形容词·い形
十分	③	ナ形・副	じゅうぶん	足够，充分，充足	充分	お金はまだ十分あります	钱还够用	19	形容词·な形
急	⓪	ナ形	きゅう	突然的；紧急的；陡峭的，角度大的		急な出来事	突发事件	19	形容词·な形
逆	⓪	名・ナ形	ぎゃく	相反，颠倒		逆に回す	反向旋转	19	形容词·な形
きっと	⓪	副	きっと	一定，必定		明日はきっと雨が降ります	明天一定会下雨	20	副词
すっかり	③	副	すっかり	完全，全部		買い物をすっかり忘れていた	完全忘了要买东西	20	副词
下がる	②	自動1	さがる	下降；后退；退步		効率が下がる	效率降低	20	动词·一类
付く	①②	自動1	つく	附着，沾上；跟随		靴に泥が付いています	鞋子上沾了泥巴	20	动词·一类
泊まる	⓪	自動1	とまる	住宿；（船）靠岸		ホテルに泊まる	住宾馆	20	动词·一类
通う	⓪	自動1	かよう	来往，往返		学校に通う	上学	20	动词·一类
頑張る	③	自動1	がんばる	拼命努力，加油		これからも頑張ってください	今后也要努力啊	20	动词·一类
準備	①	名・他動3	じゅんび	准备，预备		明日の会議の準備をした	准备好明天的会议了	20	动词·三类
生産	⓪	名・他動3	せいさん	生产，制造		米の生産地	稻米产地	20	动词·三类
説明	⓪	名・他動3	せつめい	说明，解释		わかりやすい説明	简明易懂的说明	20	动词·三类
受ける	②	他動2	うける	接受；遭受；参加（考试等）		ボールを受ける	接球	20	动词·二类
売れる	⓪	自動2	うれる	畅销；知名		今年の夏はクーラーがよく売れた	今年夏天空调卖得很好	20	动词·二类
届ける	③	他動2	とどける	送，送到；申报		これを彼に届けてください	请把这个寄给他	20	动词·二类
警察	⓪	名	けいさつ	警察；警局		落としものを警察へ届ける	把拾到的东西交给警察	20	名词·人物职业
絵	①	名	え	画，绘画		絵を描く	画画	20	名词·兴趣娱乐
雑誌	⓪	名	ざっし	杂志		年4回発行の雑誌	每年发行四次的杂志；季刊	20	名词·兴趣娱乐
人	⓪②	名	ひと	人；某人；人品		彼は優しい人です	他是个温柔的人	20	名词·抽象概念
内容	⓪	名	ないよう	内容		この本の内容を説明してください	请说明这本书的内容	20	名词·抽象概念
平日	⓪	名	へいじつ	平常日；非节假日		平日どおり開店する	照常营业	20	名词·时间
曜日	⓪	名	ようび	星期		きょうは何曜日でしたっけ	今天星期几来着？	20	名词·时间
山	②	名	やま	山		山に登る	爬山	20	名词·自然天气
犬	②	名	いぬ	狗		犬を飼う	养狗	20	名词·自然天气
ハンカチ	⓪③	名	handkerchief	手帕		ハンカチで手をふきました	用手帕擦了擦手	20	名词·衣物外貌
赤	①	名	あか	红色；完全		信号が赤に変わりました	红灯亮了	20	名词·衣物外貌
目	①	名	め	眼睛		目と鼻と口	眼睛、鼻子和嘴	20	名词·身体健康
髪	②	名	かみ	头发		髪を切る	剪头发	20	名词·身体健康
鼻	⓪	名	はな	鼻子		高い鼻	高鼻梁	20	名词·身体健康
皿	⓪	名	さら	盘子，碟子		おかずを皿に盛る	把配菜装盘	20	名词·饮食
名		接頭・接尾	めい	名……，著名……；……名		名探偵コナン	名侦探柯南	20	基础·接头接尾
ですから	①	接	ですから	因此		風邪を引きました。ですから、学校を休みました	感冒了，所以请假没去学校	20	基础·接续助词
手		造	しゅ	（负责某项工作的人）……员		運転手	司机	20	基础·造语
忙しい	④	イ形	いそがしい	忙碌的		忙しいので手伝ってください	我很忙，请帮我一下	20	形容词·い形
濃い	①	イ形	こい	（颜色）深的；浓的；密的		色が濃い	颜色深	20	形容词·い形
細い	②	イ形	ほそい	细的，窄的；小的，弱的		このロープは細いが強い	这条绳子虽细，但很结实	20	形容词·い形
不便	①	名・ナ形	ふべん	不便，不方便		私の家は駅から遠くて不便です	我家离车站很远，很不方便	20	形容词·な形
大変	⓪	ナ形・副・名	たいへん	麻烦，够呛；非常		遅れたら大変だ	要是迟到就糟了	20	形容词·な形
何か	①	連語	なにか	（不确定的）什么，某些		道に何か落ちています	路上有东西掉了	20	惯用表达
なかなか	⓪	副	なかなか	很，相当；（不）容易，（不）简单	中々	彼女は絵がなかなか上手です	她很会画画	21	副词
怒る	②	自動1	おこる	发怒；骂，训斥		悪口を言われて怒る	被说坏话而生气	21	动词·一类
手伝う	③	他動1	てつだう	帮忙，协助		家事を手伝う	帮忙做家务	21	动词·一类
拾う	⓪	他動1	ひろう	拾，捡；打出租车		道で財布を拾った	在路上捡到钱包	21	动词·一类
ちゃんと	⓪	副・自動3	ちゃんと	整齐；好好地		ちゃんとした服を着なさい	把衣服穿好	21	动词·三类
ジョギング	⓪	名・自動3	jogging	跑步，慢跑		毎日ジョギングをしている	每天跑步	21	动词·三类
別れる	③	自動2	わかれる	离别；分手，离婚		駅で友だちと別れました	在车站和朋友道别	21	动词·二类
比べる	⓪	他動2	くらべる	比较，对照		昔と今を比べる	今昔对比	21	动词·二类
切手	⓪	名	きって	邮票		ここに切手を貼ってください	请在这里贴上邮票	21	名词·交通出行
子	⓪	名	こ	孩子；小孩		子を育てる	养育子女	21	名词·人物职业
新聞	⓪	名	しんぶん	报纸		新聞を読む	看报纸	21	名词·兴趣娱乐
消しゴム	⓪	名	けしゴム	橡皮		消しゴムで字を消す	用橡皮擦掉字迹	21	名词·学习教育
以下	①	名	いか	下述，接下来的；以下		以下の問いに答えよ	请回答以下问题	21	名词·抽象概念
名前	⓪	名	なまえ	名字		あなたの名前を教えてください	请告诉我你的名字	21	名词·抽象概念
違い	⓪	名	ちがい	差异，不同		この二つには大きな違いがある	这两者之间有着很大的区别	21	名词·抽象概念
四月	③	名	しがつ	四月		一月・二月・三月・四月・五月・六月・七月・八月・九月・十月・十一月・十二月	1～12月的叫法	21	名词·时间
おめでとう	⓪	感	おめでとう	恭喜		新年おめでとう	新年快乐	21	基础·感叹寒暄
だったら	①	接	だったら	那样的话		「ああ疲れた」「だったら明日にしたら」	“啊啊，好累”“那明天再做吧”	21	基础·接续助词
うまい	②	イ形	うまい	美味的；好的；进展顺利的	旨い	この料理はうまい	这个菜好吃	21	形容词·い形
特別	⓪	ナ形・副・名	とくべつ	特别，特殊		あなたは私にとって特別な人です	你对我来说是很特别的人	21	形容词·な形
これまで	③	連語	これまで	至今，迄今；到此为止		これまでの努力がむだになった	至今为止的努力都白费了	21	惯用表达
よく	①	副	よく	好好地；经常	良く	よくできた企画書	写得很好的企划书	22	副词
包む	②	他動1	つつむ	包；包围，笼罩		プレゼントをきれいな紙で包みました	用漂亮的纸把礼物包起来了	22	动词·一类
戻る	②	自動1	もどる	回来，返回；恢复		ゆうべ遅く家に戻った	昨晚很晚才回的家	22	动词·一类
焼く	⓪	他動1	やく	烤；烧		パンを焼く	烤面包	22	动词·一类
サイン	①	名・自他動3	sign	签名；信号，暗号		サインをお願いします	请签名	22	动词·三类
入学	⓪	名・自動3	にゅうがく	入学		小学校に入学する	进入小学就读	22	动词·三类
当てる	⓪	他動2	あてる	碰，撞；命中；猜（中）；晒		ラケットにボールを当てる	用球拍击球	22	动词·二类
遅れる	⓪	自動2	おくれる	迟到；进展慢		授業に遅れる	上课迟到	22	动词·二类
自転車	②⓪	名	じてんしゃ	自行车		自転車に乗る	骑自行车	22	名词·交通出行
市民	①	名	しみん	市民，城市居民		横浜市民	横滨市民	22	名词·人物职业
世界	①	名	せかい	地球，世界，社会		私は世界旅行をしたい	我想环游世界	22	名词·兴趣娱乐
黒板	⓪	名	こくばん	黑板		黒板にチョークで書く	用粉笔在黑板上写	22	名词·学习教育
やり方	⓪	名	やりかた	做法，方法		仕事のやり方を教えてください	请告诉我工作的方法	22	名词·抽象概念
愛	①	名	あい	爱，爱情，热爱		親の愛	父母的爱	22	名词·抽象概念
話	③	名	はなし	话；话题，事情；故事		つまらない話	无聊的话	22	名词·抽象概念
半年	④⓪	名	はんとし	半年		日本に来て半年になります	来到日本已经半年了	22	名词·时间
外国	⓪	名	がいこく	外国，国外		母はまだ外国に行ったことがありません	妈妈还没有去过国外	22	名词·社会文化
いらっしゃいませ	⑥	感	いらっしゃいませ	欢迎光临		いらっしゃいませ。どうぞ中へ	欢迎光临，请进	22	基础·感叹寒暄
より		格助	より	与……相比		今年は去年より暑い	今年比去年热	22	基础·接续助词
冷たい	⓪③	イ形	つめたい	冰凉的；冷淡的		冷たい飲み物	冷饮	22	形容词·い形
親切	①	名・ナ形	しんせつ	亲切，热情		親切に道を教える	热情地指路	22	形容词·な形
もう少し	④	副	もうすこし	再稍微；差一点，几乎		もう少し大声で	再大点声	23	副词
もし	①	副	もし	如果，假如		もし雨が降ったら、行きません	如果下雨的话，我就不去了	23	副词
変わる	⓪	自他動1	かわる	改变，变化；不同寻常；［他動］更换座位、住址、所属单位等		信号が青に変わりました	信号灯变绿了	23	动词·一类
打つ	①	他動1	うつ	碰，撞；拍，打；感动		転んでひざを打ちました	跌倒撞到膝盖了	23	动词·一类
直る	②	自動1	なおる	改正；修好		文章のまちがいが直る	修正了文中的错误	23	动词·一类
サービス	①	名・自他動3	service	服务；接待；打折或附带赠品		サービスがいい	服务态度好	23	动词·三类
用意	①	名・他動3	ようい	准备，预备		用意、ドン	预备，跑！	23	动词·三类
投げる	②	他動2	なげる	扔，投；提出；放弃		ボールを投げる	扔球	23	动词·二类
切符	⓪	名	きっぷ	（车、船等的）票		東京までの切符を買った	我买了到东京的车票	23	名词·交通出行
橋	②	名	はし	桥，桥梁		川に橋を架ける	在河上搭桥	23	名词·交通出行
社長	⓪	名	しゃちょう	社长		おばは小さな会社の社長です	阿姨是小公司的社长	23	名词·人物职业
卓球	⓪	名	たっきゅう	乒乓球		彼は卓球ができますか	他会不会打乒乓球？	23	名词·兴趣娱乐
字	①	名	じ	字，文字		字を書く	写字	23	名词·学习教育
まま	②	名	まま	……的样子不变		電気がついたままですよ	灯还亮着哦	23	名词·抽象概念
クラブ	①⓪	名	club	俱乐部；酒吧		囲碁クラブ	围棋俱乐部	23	名词·抽象概念
二月	③	名	にがつ	二月		一月・二月・三月・四月・五月・六月・七月・八月・九月・十月・十一月・十二月	1～12月的叫法	23	名词·时间
外国人	④	名	がいこくじん	外国人		日本に住む外国人が増えています	住在日本的外国人正在增多	23	名词·社会文化
だって	①	接・副助	だって	（对对方的话或之前提到的事情表示反对）可是；即使；听说；因为		「まだ書いてないの？」「だって本当に暇がないんだ」	“还没有写吗？”“可是真的没有时间啊”	23	基础·接续助词
ひどい	②	イ形	ひどい	残酷的，过分的；激烈的	酷い	ひどいことを言う	说过分的话	23	形容词·い形
白い	②	イ形	しろい	白色的；空白的		肌が白い	皮肤白；长得白净	23	形容词·い形
普通	⓪	名・ナ形・副	ふつう	一般，普通		普通の人	一般人	23	形容词·な形
もちろん	②	副	もちろん	当然		もちろん一緒に行きます	我当然会一起去	24	副词
一度	③⓪	名・副	いちど	一次，一回		一度見たことがある	看过一次	24	副词
勝つ	①	自動1	かつ	赢，胜		試合に勝つ	赢得比赛	24	动词·一类
払う	②	他動1	はらう	支付；拂去		電気代を払う	支付电费	24	动词·一类
直す	②	他動1	なおす	修改，改正；重新做		ミスを直す	改正错误	24	动词·一类
感謝	①	名・自他動3	かんしゃ	感谢		家族に感謝しています	感谢家人	24	动词·三类
約束	⓪	名・他動3	やくそく	约定；规则		彼女とデートの約束をした	和她约好了约会	24	动词·三类
続ける	⓪	他動2	つづける	继续，连续		会議を続ける	继续开会	24	动词·二类
船	①	名	ふね	船		船が港に着く	船只抵达港口	24	名词·交通出行
車	⓪	名	くるま	车		車に乗る	乘车	24	名词·交通出行
祖父	①	名	そふ	祖父；外祖父		祖父は元気です	爷爷很健康	24	名词·人物职业
本	①	名	ほん	书本，书籍		本を読む	读书；看书	24	名词·兴趣娱乐
つもり	⓪	名	つもり	意图，打算	積もり	明日からタバコをやめるつもりです	我打算从明天开始戒烟	24	名词·抽象概念
ほとんど	②	名・副	ほとんど	大部分；几乎	殆ど	ほとんどの学生は帰った	大部分学生回去了	24	名词·抽象概念
嘘[うそ]	①	名	うそ	谎言，假话		嘘をつく	说谎	24	名词·抽象概念
三月	①	名	さんがつ	三月		一月・二月・三月・四月・五月・六月・七月・八月・九月・十月・十一月・十二月	1～12月的叫法	24	名词·时间
週間	⓪	名	しゅうかん	周，星期		週間天気予報	一周天气预报	24	名词·时间
遅い	⓪②	イ形	おそい	晚的；迟缓的		もう遅い	为时已晚	24	形容词·い形
複雑	⓪	名・ナ形	ふくざつ	复杂		このプログラムはとても複雑です	这个程序非常复杂	24	形容词·な形
どこか	①	連語	どこか	（表示不确定）哪里；总觉得，有些		彼はどこかこのへんに住んでいる	他就住在这一带的什么地方	24	惯用表达
ぜひ	①	副	ぜひ	务必，一定	是非	ぜひ出席してください	请务必出席	25	副词
しゃべる	②	他動1	しゃべる	说；喋喋不休	喋る	英語をしゃべる	说英语	25	动词·一类
亡くなる	⓪	自動1	なくなる	亡故，去世		おととい、昔の友人が亡くなった	前天，一位老友过世了	25	动词·一类
繰り返す	③⓪	他動1	くりかえす	反复，重复		繰り返して読む	反复读	25	动词·一类
メモ	①	他動3・名	memo	笔记；做笔记		メモを取る	做笔记	25	动词·三类
緊張	⓪	名・自動3	きんちょう	紧张		試験の前で緊張する	考试前感到紧张	25	动词·三类
変える	⓪	他動2	かえる	改变，变更		旅行の日程を変えました	变更了旅行的行程	25	动词·二类
封筒	⓪	名	ふうとう	信封		手紙を封筒に入れた	把信装进信封	25	名词·IT通信
飛行機	②	名	ひこうき	飞机		飛行機に乗る	乘飞机	25	名词·交通出行
店員	⓪	名	てんいん	店员		デパートの店員	百货公司店员	25	名词·人物职业
住所	①	名	じゅうしょ	住址，地址		荷物は会社の住所に送ってください	请将货物寄到公司地址	25	名词·住宅设备
冷蔵庫	③	名	れいぞうこ	冰箱		飲み物は冷蔵庫にあります	饮料在冰箱里	25	名词·住宅设备
部屋	②	名	へや	房间		ここが私の部屋です	这是我的房间	25	名词·住宅设备
店	②	名	みせ	商店，店铺		銀座に店を開いた	在银座开了店	25	名词·场所
中国語	⓪	名	ちゅうごくご	中文，汉语		日本語を中国語に訳す	把日文翻译成中文	25	名词·学习教育
残り	③	名	のこり	剩余，残余		仕事の残りは家でします	剩下的工作要带回家做	25	名词·抽象概念
結果	⓪	名	けっか	结果，结局；（好的）结果		期末テストの結果	期末考试结果	25	名词·抽象概念
忘れ物	⓪	名	わすれもの	遗忘的东西，遗失品		忘れ物はありませんか	有没有忘掉的东西？	25	名词·方位位置
おもちゃ	②	名	おもちゃ	玩具；玩物		おもちゃの自動車	玩具汽车	25	名词·日用品
六月	④	名	ろくがつ	六月		一月・二月・三月・四月・五月・六月・七月・八月・九月・十月・十一月・十二月	1～12月的叫法	25	名词·时间
天気	①	名	てんき	天气；晴天		今日はいい天気ですね	今天天气真好	25	名词·自然天气
川	②	名	かわ	河川，河流		川を渡る	渡河；过河	25	名词·自然天气
雪	②	名	ゆき	雪		雨が雪になる	雨变成雪	25	名词·自然天气
洋服	⓪	名	ようふく	（西装、裤子、连衣裙、裙子等）衣服		今日は洋服を買いに行きます	今天要去买衣服	25	名词·衣物外貌
涙	①	名	なみだ	眼泪		涙が落ちる	落泪；流眼泪	25	名词·身体健康
〜年		接尾	〜ねん	……年		あなたは何年生まれですか	您哪年生的？	25	基础·接尾
うれしい	③	イ形	うれしい	高兴的	嬉しい	彼に会えてうれしかった	很高兴见到他	25	形容词·い形
すごい	②	イ形	すごい	可怕的；了不起的；非常的	凄い	すごい顔	可怕的表情	25	形容词·い形
別	⓪	名・ナ形・造	べつ	区别；另外，除外		男女別	按性别	25	形容词·な形
全然	⓪	副	ぜんぜん	完全（不），根本（不）		この本は全然面白くなかった	这本书一点都不有趣	26	副词
映る	②	自動1	うつる	映；映像		月が川に映る	月亮映在河中	26	动词·一类
落とす	②	他動1	おとす	使落下；遗失；弄掉		飛んでいる鳥を落とす	打下飞着的鸟	26	动词·一类
迷う	②	自動1	まよう	迷，迷失；犹豫；迷恋		道に迷う	迷路	26	动词·一类
急行	⓪	名・自動3	きゅうこう	急赴，急忙赶去；快车		現場に急行する	奔赴现场	26	动词·三类
行動	⓪	名・自動3	こうどう	行动，活动		昼休みは自由に行動してよい	午休时间可以自由活动	26	动词·三类
聞こえる	⓪	自動2	きこえる	听得见，听到；听起来觉得……		何も聞こえない	什么也听不见	26	动词·二类
葉書	⓪	名	はがき	明信片		年賀葉書	贺年片	26	名词·IT通信
地下鉄	⓪	名	ちかてつ	地铁		私は地下鉄で通勤しています	我搭地下铁通勤	26	名词·交通出行
父親	⓪	名	ちちおや	父亲		私も2児の父親になった	我也成了两个孩子的父亲了	26	名词·人物职业
庭	⓪	名	にわ	庭院，院子		庭を掃く	打扫院子	26	名词·住宅设备
電気	①	名	でんき	电；电灯		この車は電気で動く	这辆汽车是电动的	26	名词·住宅设备
オフィス	①	名	office	办公室，事务所		オフィス用品	办公用品	26	名词·场所
廊下	⓪	名	ろうか	走廊		廊下を歩く	通过走廊；走过走廊	26	名词·场所
日記	⓪	名	にっき	日记		日記をつける	写日记	26	名词·学习教育
係	①	名	かかり	负责人		会計の係をする	担任会计工作	26	名词·抽象概念
格好	⓪	名	かっこう	（人或物的）外观，外表		後ろから見ても格好がいい	从后面看也很帅	26	名词·抽象概念
気分	①	名	きぶん	（短暂的）心情，情绪；气氛		今日は最高にいい気分だよ	今天的心情好到极点	26	名词·抽象概念
命	①	名	いのち	生命；寿命；命根子，最宝贵的东西		命より大切なものはないよ	没有什么比生命更重要	26	名词·方位位置
箱	⓪	名	はこ	箱子，匣子		箱を開ける	打开盒子	26	名词·日用品
九月	①	名	くがつ	九月		一月・二月・三月・四月・五月・六月・七月・八月・九月・十月・十一月・十二月	1～12月的叫法	26	名词·时间
曇り	③	名	くもり	阴天；模糊不清		晴のち曇り	晴转阴	26	名词·自然天气
草	②	名	くさ	草，杂草		草が枯れる	草枯萎了	26	名词·自然天气
白	①	名	しろ	白，白色		白のブラウス	白色女衬衫	26	名词·衣物外貌
具合	⓪	名	ぐあい	健康状况；（机器）状态；情况，样子；方便		今日は体の具合が悪いです	今天身体不舒服	26	名词·身体健康
胸	②	名	むね	胸；心里		胸に少し痛みがあります	胸口有点痛	26	名词·身体健康
おかしい	③	イ形	おかしい	可笑的；奇怪的，可疑的		おかしい話を聞いて大笑いする	聽了可笑的故事而哈哈大笑	26	形容词·い形
変	①	ナ形・名	へん	奇怪，异常		変な音が聞こえます	听到了奇怪的声音	26	形容词·な形
気に入る	⓪	成句	きにいる	称心，称意，中意；喜爱，喜欢		気に入った家	称心的房屋	26	惯用表达
たまに	⓪	副	たまに	偶尔	偶に	彼はたまに料理をします	他偶尔会下厨	27	副词
やっと	⓪③	副	やっと	终于		やっと仕事が終わりました	终于把工作做完了	27	副词
無くなる	⓪	自動1	なくなる	丢失；用完；消失		財布が無くなる	遗失钱包	27	动词·一类
盗む	②	他動1	ぬすむ	偷盗，偷窃		お金を盗む	偷钱	27	动词·一类
デート	①	名・自動3	date	日期；约会		今度の土曜日にデートしませんか	这个星期六我们约会好吗？	27	动词·三类
ドライブ	②	名・自他動3	drive	开车远游，兜风		今日は群馬までドライブしました	我今天开车去了群马	27	动词·三类
分ける	②	他動2	わける	分开，划分，分类；分配		クラスを三つのチームに分ける	把班级分成三个队伍	27	动词·二类
片付ける	④	他動2	かたづける	收拾好，整理好；处理好		本を片付ける	整理书	27	动词·二类
電車	⓪①	名	でんしゃ	电车		私は電車で通学しています	我是搭电车上学的	27	名词·交通出行
祖母	①	名	そぼ	祖母；外祖母		祖母は京都で生まれました	祖母在京都出生	27	名词·人物职业
本棚	①	名	ほんだな	书柜，书架		本棚から辞書を取り出す	从书架上取出词典	27	名词·住宅设备
風呂	②	名	ふろ	浴缸；洗澡；澡堂		毎晩お風呂に入る	每天晚上洗澡	27	名词·住宅设备
途中	⓪	名	とちゅう	途中；中途		途中で彼に会う	在半路上遇到他	27	名词·其他
スーパーマーケット	⑤	名	supermarket	超市	スーパー	このスーパーマーケットは毎週水曜日が休みだ	这家超市每周三休息	27	名词·场所
郵便局	③	名	ゆうびんきょく	邮局		近くに郵便局はありませんか	附近有没有邮局？	27	名词·场所
感じ	⓪	名	かんじ	感觉；印象		寒さで感じがなくなる	冻得失去知觉	27	名词·抽象概念
考え	③	名	かんがえ	想法，思想		それは良い考えです	这是个好主意	27	名词·抽象概念
間違い	③	名	まちがい	错误，过错		答えの間違いを正す	更正错误的答案	27	名词·抽象概念
一方	③	名・接	いっぽう	一个方向；一个；一直		ここは一方通行です	这里是单行道	27	名词·方位位置
七月	④	名	しちがつ	七月		一月・二月・三月・四月・五月・六月・七月・八月・九月・十月・十一月・十二月	1～12月的叫法	27	名词·时间
五月	①	名	ごがつ	五月		一月・二月・三月・四月・五月・六月・七月・八月・九月・十月・十一月・十二月	1～12月的叫法	27	名词·时间
木	①	名	き	树木；木材		木を植える	种树	27	名词·自然天气
風	⓪	名	かぜ	风		風が吹く	刮风	27	名词·自然天气
服	②	名	ふく	衣服		服を着る	穿衣服	27	名词·衣物外貌
携帯電話	⑤	名	けいたいでんわ	手机		昨日、携帯電話をなくした	我昨天弄丢了手机	27	名词·身体健康
花見	③	名	はなみ	赏花，特指赏樱花		花見に行く	去赏樱	27	名词·身体健康
よろしい	③	イ形・補形	よろしい	可以，好	宜しい	レポートはこれでよろしいですか	报告这样写可以吗？	27	形容词·い形
可能	⓪	名・ナ形	かのう	可能		20キロのダイエットは可能だと思いますか	你觉得有可能减掉二十公斤吗？	27	形容词·な形
何も	⓪	連語	なにも	什么（也不）；（不）特别		昔と何も変わらない	和以前没有任何变化	27	惯用表达
やはり	②	副	やはり	果然；到底还是		彼はやはり遅刻しました	他果然迟到了	28	副词
多く	①	副・名	おおく	很多；多半		毎年多くの人が海外へ旅行する	每年都有很多人出国旅行	28	副词
当たる	⓪	自動1	あたる	打中，命中；撞上；猜中；相当于		飛んできたボールが頭に当たった	飞来的球砸在了头上	28	动词·一类
眠る	⓪	自動1	ねむる	睡着，睡觉；长眠；闲置		昨日は8時間眠りました	昨天睡了八小时	28	动词·一类
位置	①	名・自動3	いち	位置；位于		有利な位置を占める	占有利地位	28	动词·三类
期待	⓪	名・自他動3	きたい	期待，期望		期待が外れる	期望落空了	28	动词·三类
浴びる	⓪	他動2	あびる	淋，沐浴；晒，照		シャワーを浴びる	淋浴	28	动词·二类
番号	③	名	ばんごう	号码		番号がまちがっている	号码弄错了	28	名词·IT通信
道	⓪	名	みち	道路		まっすぐな道	笔直的路	28	名词·交通出行
男性	⓪	名	だんせい	男性		男性専用	男性专用	28	名词·人物职业
ビル	①	名	building	高楼，大厦	「ビルディング」の略	私の会社はあのビルの8階です	我的公司就在那栋大楼的八楼	28	名词·住宅设备
引き出し	⓪	名	ひきだし	抽屉；提取		引き出しを開ける	拉开抽屉	28	名词·住宅设备
町	①	名・造	ちょう	……町		市町村	（日本地方自治体的）市、町、村	28	名词·场所
文	①	名	ぶん	文章；句子		次の文を読んで設問に答えなさい	阅读以下文章并回答问题	28	名词·学习教育
形	⓪	名	かたち	形状；样式；形式		形が変わる	变样；变形	28	名词·抽象概念
気持ち	⓪	名	きもち	心情，情绪；感觉；舒适（与否）		気持ちがよい	心情舒畅	28	名词·抽象概念
見舞い	⓪	名	みまい	看望，问候		お見舞いに行く	看望病人	28	名词·抽象概念
先	⓪	名	さき	动作所及的对象或地点		届け先	投送地点；收件人	28	名词·方位位置
レジ	①	名	register	收银机；收银台；收银员		レジを打つ	操作收银机	28	名词·日用品
八月	④	名	はちがつ	八月		一月・二月・三月・四月・五月・六月・七月・八月・九月・十月・十一月・十二月	1～12月的叫法	28	名词·时间
動物	⓪	名	どうぶつ	动物		トラはネコ科の動物である	老虎是猫科动物	28	名词·自然天气
猫	①	名	ねこ	猫		うちの奥さんは猫が苦手です	我老婆不喜欢猫	28	名词·自然天气
帽子	⓪	名	ぼうし	帽子		帽子をかぶる	戴帽子	28	名词·衣物外貌
缶	①	名	かん	（金属制的）罐，桶；罐头		アルミ缶	铝罐	28	名词·身体健康
薬	⓪	名	くすり	药，药品		薬を飲む	吃药	28	名词·身体健康
〜力		接尾	〜りょく	……力，……能力		視力	视力	28	基础·接尾
薄い	⓪	イ形	うすい	薄的；（颜色、味道等）淡的；（程度）轻的		この本はあの本より薄い	这本书比那本书薄	28	形容词·い形
楽	②	名・ナ形	らく	舒适；轻松		楽な仕事	轻松的工作	28	形容词·な形
いつか	①	副	いつか	（指未来）总有一天，早晚；（指过去）曾经；不知不觉	何時か	僕はいつかアフリカに行きたい	我总有一天想去非洲	29	副词
残す	②	他動1	のこす	留下；遗留		財産を残す	留下财产	29	动词·一类
謝る	③	自他動1	あやまる	道歉，谢罪		頭を下げて謝る	低头认错	29	动词·一类
命令	⓪	名・他動3	めいれい	命令		命令を下す	下命令	29	动词·三类
確認	⓪	名・他動3	かくにん	确认，证实		もう一度予約を確認した	再次确认预约	29	动词·三类
訪ねる	③	他動2	たずねる	访问，拜访		友だちの家を訪ねる	拜访朋友的家	29	动词·二类
コンピューター	③	名	computer	电脑，计算机		新しいコンピューターを買った	我买了新的电脑	29	名词·IT通信
少年	⓪	名	しょうねん	少年		野球少年	棒球少年	29	名词·人物职业
ゲーム	①	名	game	游戏；比赛		私たちはビデオゲームをした	我们玩了电子游戏	29	名词·兴趣娱乐
市	①	名・造	し	市		横浜市	横滨市	29	名词·场所
文章	①	名	ぶんしょう	文章，作品		文章を書く	写文章	29	名词·学习教育
事	②	名	こと	事情		恐ろしい事	可怕的事情	29	名词·抽象概念
値段	⓪	名	ねだん	价格		値段が高い	价钱贵	29	名词·抽象概念
性格	⓪	名	せいかく	性格，脾气		明るい性格	开朗的性格	29	名词·抽象概念
一月	④	名	いちがつ	一月		一月・二月・三月・四月・五月・六月・七月・八月・九月・十月・十一月・十二月	1～12月的叫法	29	名词·时间
何日	①	名	なんにち	多少天，几天；几号，哪一天		何日かかりますか	需要几天？	29	名词·时间
国	⓪	名	くに	国家；家乡		わが国	我国	29	名词·社会文化
月	②	名	つき	月亮；一个月		今夜は月がとてもきれいです	今晚的月色真美	29	名词·自然天气
空気	①	名	くうき	空气；气氛，氛围		ここは空気がきれいです	这里的空气很清新	29	名词·自然天气
歯医者	①	名	はいしゃ	牙医		歯医者にかかる	看牙医	29	名词·身体健康
固い	⓪	イ形	かたい	结合紧密的；坚固的，坚定的；顽固的		団結が固い	团结紧密	29	形容词·い形
深い	②	イ形	ふかい	深的；浓的；（程度）深的		雪が深く積もっている	雪积得很厚	29	形容词·い形
最高	⓪	名・ナ形	さいこう	最高；最好		最高気温	最高气温	29	形容词·な形
必ず	⓪	副	かならず	一定，必定		7時までに必ず来てください	请务必七点之前来	30	副词
似合う	②	自動1	にあう	合适，般配		彼女は着物がよく似合います	她很适合穿和服	30	动词·一类
寄る	⓪	自動1	よる	靠近；途中经过；聚集		もっとそばへお寄りください	请再靠近一些	30	动词·一类
昼寝	⓪	名・自動3	ひるね	午睡，午觉		昼寝の習慣はない	没有午睡的习惯	30	动词·三类
貯金	⓪	名・自他動3	ちょきん	存款，储蓄		毎月2万円ずつ貯金する	每个月存两万日元	30	动词·三类
覚える	③	他動2	おぼえる	记住；掌握；感到		英語の単語を覚える	记英语单词	30	动词·二类
仲間	③	名	なかま	朋友，伙伴；同类		われわれは大学以来の仲間だ	我们是大学以来的朋友	30	名词·人物职业
本屋	①	名	ほんや	书店		彼は本屋をやっている	他经营着一家书店	30	名词·兴趣娱乐
事務所	②	名	じむしょ	事务所，办事处		法律事務所	律师事务所	30	名词·场所
仮名	⓪	名	かな	假名		お名前に仮名を振ってください	请在名字上标假名	30	名词·学习教育
会	①	名・接尾	かい	（表示组织或活动）……会		勉強会	学习会，培训	30	名词·工作职场
人々	②	名	ひとびと	人们，很多人		むかしの人々の生活を調べる	调查古代人们的生活	30	名词·抽象概念
冗談	③	名	じょうだん	玩笑，笑话		冗談を言う	开玩笑	30	名词·抽象概念
場所	⓪	名	ばしょ	场所，地方		座る場所がない	没有坐的地方	30	名词·抽象概念
終わり	⓪	名	おわり	终，末尾，结束		夏休みももう終わりだ	暑假也已经结束了	30	名词·抽象概念
十一月	⑥	名	じゅういちがつ	十一月		一月・二月・三月・四月・五月・六月・七月・八月・九月・十月・十一月・十二月	1～12月的叫法	30	名词·时间
十二月	⑤	名	じゅうにがつ	十二月		一月・二月・三月・四月・五月・六月・七月・八月・九月・十月・十一月・十二月	1～12月的叫法	30	名词·时间
光	③	名	ひかり	光线，光明；希望		木の間から光がさす	阳光从树木的间隙中洒落	30	名词·自然天气
港	⓪	名	みなと	港口，码头		港に入る	入港	30	名词·身体健康
腰	⓪	名	こし	腰；腰部，下半部		腰を伸ばす	伸懒腰	30	名词·身体健康
細かい	③	イ形	こまかい	细小的，零碎的；详细的		細かい砂	细沙	30	形容词·い形
自由	②	名・ナ形	じゆう	自由		言論の自由	言论自由	30	形容词·な形
すみません	④	連語	すみません	对不起，抱歉；麻烦你，不好意思；请问，问一下		おくれてすみません	对不起，我迟到了	30	惯用表达
例えば	②	副	たとえば	例如，假设		例えば、Ankiを使って日本語を学ぶことができます	比如说，可以用Anki学习日语	31	副词
大体	⓪	名・副	だいたい	概要；大致；本来		私は大体のことしか知らない	我只知道个大概	31	副词
外す	⓪	他動1	はずす	取下，摘下，解开；偏离；除名		メガネを外す	摘下眼镜	31	动词·一类
暮らす	⓪	自動1	くらす	生活，度日		年金で暮らす	靠养老金生活	31	动词·一类
決定	⓪	名・自他動3	けってい	决定，确定		今年の年間目標が決定した	今年的年度目标决定了	31	动词·三类
流れる	③	自動2	ながれる	流，流动；传开；流逝		涙が流れる	流泪	31	动词·二类
パソコン	⓪	名	personal computer	（个人）电脑	「パーソナルコンピューター」の略	一日中パソコンを打っている	一整天都在敲电脑	31	名词·IT通信
部長	⓪	名	ぶちょう	部长，处长		営業部長	营销处处长	31	名词·人物职业
漫画	⓪	名	まんが	漫画，连环画		少女漫画	少女漫画	31	名词·兴趣娱乐
寺	②	名	てら	寺庙，寺院		お寺参り	参拜寺院	31	名词·场所
読み方	③④	名	よみかた	读法，念法		この字の読み方がわからない	不知道这个字的念法	31	名词·学习教育
席	①	名	せき	座位，席位		席に着く	就座；入席	31	名词·工作职场
仕方	⓪	名	しかた	做法，方法		ファイルのダウンロードの仕方が分かりません	我不知道如何下载文件	31	名词·抽象概念
方法	⓪	名	ほうほう	方法		方法を探す	寻找方法	31	名词·抽象概念
都合	⓪	名	つごう	方便（与否）；情况		明日は都合が悪い	明天不方便	31	名词·抽象概念
何年	①	名	なんねん	多少年，几年；哪一年		完成に何年かかりましたか	花了几年完成？	31	名词·时间
湖	②③	名	みずうみ	湖	「水海」の意	山の静かな湖	山中静谧的湖泊	31	名词·自然天气
雲	①	名	くも	云，云彩		雲が晴れた	天晴了；云散了	31	名词·自然天气
手袋	②	名	てぶくろ	手套		手袋をはめる	戴手套	31	名词·身体健康
肩	①	名	かた	肩膀；上方		肩を揉む	揉肩膀	31	名词·身体健康
硬い	⓪	イ形	かたい	坚硬的；死板的；紧张的		ダイヤモンドはもっとも硬い物質だ	钻石是最坚硬的物质	31	形容词·い形
正直	④③	名・副・ナ形	しょうじき	老实，正直		正直な人	诚实的人	31	形容词·な形
ごめんなさい	⑤	連語	ごめんなさい	对不起，抱歉		遅くなってごめんなさい	对不起，我迟到了	31	惯用表达
決して	⓪	副	けっして	决（不）……		決して約束を忘れない	我决不会忘记约定的	32	副词
握る	⓪	他動1	にぎる	握；掌握，抓住；捏（饭团、寿司等）		手を握る	握手	32	动词·一类
要る	⓪	自動1	いる	需要，必要	かな書きも多い	勇気がいる	需要勇气	32	动词·一类
協力	⓪	名・自動3	きょうりょく	协力，合作		このプロジェクトにはみんなの協力が必要です	这个计划需要大家的协助	32	动词·三类
遅刻	⓪	名・自動3	ちこく	迟到		学校に遅刻する	上学迟到	32	动词·三类
合わせる	③	他動2	あわせる	合并；配合；核对		力を合わせる	同心协力	32	动词·二类
カード	①	名	card	卡，卡片		クリスマスカード	圣诞卡片	32	名词·IT通信
少女	①	名	しょうじょ	少女		それは少女向けの雑誌です	那是面向少女的杂志	32	名词·人物职业
野球	⓪	名	やきゅう	棒球		校庭で野球をする	在操场打棒球	32	名词·兴趣娱乐
会場	⓪	名	かいじょう	会场		会場は人でいっぱいになりました	会场挤满了人	32	名词·场所
外国語	⓪	名	がいこくご	外语		外国語で話す	用外语说	32	名词·学习教育
中心	⓪	名	ちゅうしん	中心；重要之处		公園の中心に池がある	公园的中央有一座水池	32	名词·抽象概念
手伝い	③	名	てつだい	帮忙，帮工		大掃除の手伝いをする	帮忙大扫除	32	名词·抽象概念
長	①	名・造	ちょう	长……，远……		長時間	长时间	32	名词·抽象概念
十月	④	名	じゅうがつ	十月		一月・二月・三月・四月・五月・六月・七月・八月・九月・十月・十一月・十二月	1～12月的叫法	32	名词·时间
祭り	⓪	名	まつり	祭祀，庙会，节日		夏のお祭り	夏季的庙会	32	名词·社会文化
気	⓪	名	き	气，空气；心情；性质		山の気を胸いっぱい吸う	大口吸山里的新鲜空气	32	名词·自然天气
火	①	名	ひ	火		火をつける	点火	32	名词·自然天气
現在	①	名	げんざい	现在，目前；当时		現在の気温は３０度です	现在的气温是30度	32	名词·身体健康
血	⓪	名	ち	血		血だらけのセーター	满是血的毛衣	32	名词·身体健康
苦い	②	イ形	にがい	（味道）苦的；痛苦的		苦い薬を飲む	喝苦药	32	形容词·い形
直接	⓪	名・副・ナ形	ちょくせつ	直接		彼に直接お願いしなさい	请直接拜托他	32	形容词·な形
特に	①	副	とくに	特别		今年の冬は特に寒い	今年的冬天特別冷	33	副词
届く	②	自動1	とどく	收到；够得着		彼からの手紙が届いた	收到了他的来信	33	动词·一类
信用	⓪	名・他動3	しんよう	相信；信誉		彼の言うことは信用できない	他说的话不能相信	33	动词·三类
到着	⓪	名・自動3	とうちゃく	到达，抵达		夜9時に東京に到着しました	晚上九点抵达东京	33	动词·三类
オートバイ	③	名	(和) auto＋bicycle	摩托车		オートバイに乗る	骑摩托车	33	名词·交通出行
お子さん	⓪	名	おこさん	您孩子，令郎，令爱		お子さんは何人ですか	您有几个孩子？	33	名词·人物职业
台所	⓪	名	だいどころ	厨房		お母さんは台所にいます	妈妈在厨房	33	名词·住宅设备
床	⓪	名	ゆか	地板，地上		床を掃く	扫地	33	名词·住宅设备
テニス	①	名	tennis	网球		彼らはよくテニスをしています	他们经常打网球	33	名词·兴趣娱乐
十	①	名	じゅう	十		一・二・三・四・五・六・七・八・九・十	数字1〜10的叫法	33	名词·其他
両方	③⓪	名	りょうほう	两者，双方		チョコレートとケーキを両方ください	请给我巧克力和蛋糕	33	名词·抽象概念
用事	⓪	名	ようじ	（必须做的）事，事情		急に用事ができた	有急事	33	名词·抽象概念
右側	⓪	名	みぎがわ	右边，右侧		右側通行	右侧通行	33	名词·方位位置
タオル	①	名	towel	毛巾		私はタオルで顔をふいた	我用毛巾擦脸	33	名词·日用品
地	①	名	ち	大地，土地；场所		外国の地を踏む	踏上外国土地	33	名词·自然天气
桜	⓪	名	さくら	樱花，樱花树		桜が咲いた	樱花开了	33	名词·自然天气
着物	⓪	名	きもの	和服		着物の着付けを習う	学习穿和服	33	名词·衣物外貌
傷	⓪	名	きず	伤；瑕疵；缺陷		足の傷が痛みます	脚上的伤在痛	33	名词·身体健康
サラダ	①	名	salad	沙拉		フルーツサラダ	水果沙拉	33	名词·饮食
晩ご飯	③	名	ばんごはん	晚饭		晩ご飯を作る	做晚饭	33	名词·饮食
朝ご飯	③	名	あさごはん	早饭		朝ご飯を食べないで出勤した	没吃早饭就上班去了	33	名词·饮食
箸	①	名	はし	筷子		箸1膳	一双筷子	33	名词·饮食
野菜	⓪	名	やさい	蔬菜		庭で野菜を作る	在院里种菜	33	名词·饮食
大人しい	④	イ形	おとなしい	老实的，听话的；素雅的		大人しくして！	老实点！	33	形容词·い形
当たり前	⓪	ナ形・名	あたりまえ	理所当然；普通		借りたお金を返すのは当たり前だ	欠债还钱是理所当然的	33	形容词·な形
どうか	①	副・連語	どうか	请多加；总算，设法；不知为何，不正常		どうかお許しください	请您原谅我	34	副词
気づく	②	自動1	きづく	注意到，发觉；清醒过来，苏醒过来	気付く	忘れ物に気づく	发觉丢了东西	34	动词·一类
教育	⓪	名・他動3	きょういく	教育，教养		私はアメリカで教育を受けた	我是在美国受的教育	34	动词·三类
落ちる	②	自動2	おちる	掉落；降低；不及格		山の上から石が落ちてきた	石头从山上滚落下来	34	动词·二类
駅員	②⓪	名	えきいん	车站工作人员		駅員に聞きましょう	去问站务员吧	34	名词·交通出行
母親	⓪	名	ははおや	母亲		彼女は二人の娘の母親です	她是两个女儿的母亲	34	名词·人物职业
壁	⓪	名	かべ	墙壁；障碍，隔阂		壁に絵が掛かっている	墙上挂着画	34	名词·住宅设备
留守	①	名	るす	不在家		家を留守にする	不在家	34	名词·住宅设备
バスケットボール	⑥	名	basketball	篮球	バスケット・バスケ	姉はバスケットボールの選手です	姐姐是篮球选手	34	名词·兴趣娱乐
せい	①	名	せい	（不好结果的）原因		私のせいです	都怪我	34	名词·抽象概念
例	①	名	れい	例子		一つ例をあげてください	请举一个例子	34	名词·抽象概念
左側	⓪	名	ひだりがわ	左边，左侧		道路の左側を走る	靠道路左侧行驶	34	名词·方位位置
袋	③	名	ふくろ	包，袋		袋に入れる	装进袋子	34	名词·日用品
枝	⓪	名	えだ	树枝		サクラの枝を折るな	不要折樱花树枝	34	名词·自然天气
緑	①	名	みどり	绿色		緑の木々	绿色的树木	34	名词·衣物外貌
人口	⓪	名	じんこう	人口		日本の人口は約1億2700万人だ	日本的人口约有一亿两千七百万	34	名词·身体健康
石	②	名	いし	石头，石子		私は石につまずいた	我被石头绊倒了	34	名词·身体健康
ガム	①	名	gum	口香糖		ガムをかむ	嚼口香糖	34	名词·饮食
クッキー	①	名	cookie	曲奇饼干		クッキーと紅茶をいただきました	我吃了饼干和红茶	34	名词·饮食
北	⓪②	名	きた	北方，北面		ロシアは日本の北にあります	俄罗斯在日本的北边	34	名词·饮食
池	②	名	いけ	水池，水塘		池に鯉がいます	池塘里有鲤鱼	34	名词·饮食
食べ物	③②	名	たべもの	食物，食品		日本の食べ物はとてもおいしいです	日本的食物非常好吃	34	名词·饮食
食堂	⓪	名	しょくどう	食堂，餐厅		学生食堂は安いが、あまりおいしくない	学生食堂便宜，但不怎么好吃	34	名词·饮食
恥ずかしい	④	イ形	はずかしい	害羞的，难为情的，惭愧的		先生にほめられて、恥ずかしい	因为被老师表扬而害羞	34	形容词·い形
全く	④⓪	副	まったく	完全；实在，简直；完全（不）		全く等しい	完全相等	35	副词
組む	①	自他動1	くむ	联合，组织，组成；交叉；交叉搭成		彼と組んで仕事をする	和他一起工作	35	动词·一类
輸出	⓪	名・他動3	ゆしゅつ	输出，出口		農産物を輸出する	出口农产品	35	动词·三类
終える	⓪	自他動2	おえる	做完，完成		仕事を終える	结束工作	35	动词·二类
空港	⓪	名	くうこう	机场		国際空港	国际机场	35	名词·交通出行
エンジニア	③	名	engineer	工程师		システムエンジニア	系统工程师	35	名词·人物职业
売り場	⓪	名	うりば	卖场，柜台		くつ売り場はどこですか	请问鞋子卖场在哪里？	35	名词·住宅设备
コンサート	①	名	concert	音乐会，演奏会		友達とジャズのコンサートに行きました	和朋友一起去听了爵士音乐会	35	名词·兴趣娱乐
神社	①	名	じんじゃ	神社		神社に参る	参拜神社	35	名词·场所
グループ	②	名	group	群，组，集团，伙伴		店に学生のグループが来た	店里来了一群学生	35	名词·抽象概念
料金	①	名	りょうきん	使用费		電気料金を払う	交电费	35	名词·抽象概念
南側	⓪	名	みなみがわ	朝南一侧		南側に工場がある	南侧有工厂	35	名词·方位位置
瓶	①	名	びん	瓶子		花瓶	花瓶	35	名词·日用品
森	⓪	名	もり	森林		森の動物たち	森林里的动物们	35	名词·自然天气
トマト	①	名	tomato	西红柿，番茄		トマトケチャップ	番茄酱	35	名词·衣物外貌
入り口	⓪	名	いりぐち	入口		入り口は向こうです	入口在对面	35	名词·身体健康
腹	②	名	はら	肚子，肠胃		腹が減る	肚子饿	35	名词·身体健康
みかん	①	名	みかん	橘子，柑橘	蜜柑	みかんの皮をむく	剥橘子皮	35	名词·饮食
上	⓪②	名	うえ	上面；表面；前面；（程度、地位、等级等）高；（年龄）大		上から下を見る	从上往下看	35	名词·饮食
中	①	名	なか	内部，里面；其中		父は家の中にいます	父亲在家里	35	名词·饮食
弁当	③	名	べんとう	便当，盒饭		お弁当を食べる	吃盒饭	35	名词·饮食
肉	②	名	にく	肉，肉类		昨日の夜は肉をたくさん食べました	昨天晚上我吃了好多肉	35	名词·饮食
鳥	⓪	名	とり	鸟；鸡		鳥の巣	鸟巢	35	名词·饮食
悲しい	⓪③	イ形	かなしい	悲伤的，伤心的		愛犬が死んで、とても悲しかった	爱犬过世了，我非常难过	35	形容词·い形
もしも	①	副	もしも	万一，倘若	若しも	もしも雨が降ったらやめよう	如果下雨就取消吧	36	副词
戦う	⓪	自動1	たたかう	战斗；比赛；竞争	闘う	敵と戦う	和敌人作战	36	动词·一类
触る	⓪	自動1	さわる	碰触，接触		絵に触らないでください	请勿触摸画作	36	动词·一类
努力	①	名・自動3	どりょく	努力		目的達成のために努力する	为了达成目标而努力	36	动词·三类
数える	③	他動2	かぞえる	数，计算；列举		人数を数える	数人数	36	动词·二类
通り	③	名	とおり	大街，马路；来往；流通；一样，同样		私の家は通りに面している	我的家临街	36	名词·交通出行
友人	⓪	名	ゆうじん	友人，朋友		彼は高校時代からの友人です	他是我高中时的朋友	36	名词·人物职业
専門	⓪	名	せんもん	专业，专门		花を専門に売る店	专卖花的店	36	名词·住宅设备
スーツケース	④	名	suitcase	旅行箱，行李箱		軽いスーツケースが欲しい	我想要一个轻便的行李箱	36	名词·兴趣娱乐
美術館	③②	名	びじゅつかん	美术馆		美術館の休館日	美术馆的休馆日	36	名词·场所
チャンス	①	名	chance	机会，良机		これはすばらしいチャンスだ	这是个好机会	36	名词·抽象概念
用	①	名・接尾	よう	事情；用途，……用		用が済む	事情办完	36	名词·抽象概念
礼	①⓪	名	れい	礼貌；行礼；感谢，谢意，谢礼		礼を尽くす	礼节周到	36	名词·抽象概念
行き	⓪	名	ゆき	去；方向	いき	行きは地下鉄で、帰りはバスだ	去时坐地铁，回来坐公交车	36	名词·方位位置
星	⓪	名	ほし	星星；星号；明星		星が光る	星星闪耀	36	名词·自然天气
上着	⓪	名	うわぎ	外套；上衣		上着を着る	穿外套	36	名词·衣物外貌
熱	②	名	ねつ	热度；发烧		熱を加える	加热	36	名词·身体健康
足	②	名	あし	脚，腿		足の甲	脚背；脚面	36	名词·身体健康
すし	②①	名	すし	寿司	鮨・寿司	寿司を握る	捏寿司	36	名词·饮食
卵	②⓪	名	たまご	蛋，鸡蛋；未成熟者	料理では、「玉子」と書くことも多い	ニワトリは卵を産みます	鸡会下蛋	36	名词·饮食
方	①	名	ほう	方向；方面；（比起来）……还是		こちらの方を向いてください	请朝向我	36	名词·饮食
昼ご飯	③	名	ひるごはん	午饭		昼ご飯を食べたら眠くなった	吃了午饭就困了	36	名词·饮食
水	⓪	名	みず	水		水を一杯ください	请给我一杯水	36	名词·饮食
正確	⓪	名・ナ形	せいかく	正确，准确		正確に発音する	准确发音	36	形容词·な形
何でも	①	副・連語	なんでも	不管什么；据说是		何でもある	应有尽有	37	副词
動かす	③	他動1	うごかす	启动；移动；感动		モーターを動かす	启动马达	37	动词·一类
貿易	⓪	名・自動3	ぼうえき	贸易		貿易会社	贸易公司	37	动词·三类
閉じる	②	自他動2	とじる	合上；结束		本を閉じる	合上书	37	动词·二类
ピアノ	⓪	名	piano	钢琴		ピアノを弾く	弹钢琴	37	名词·兴趣娱乐
試合	⓪	名	しあい	（体育的）比赛		試合に勝つ	比赛胜利	37	名词·兴趣娱乐
大学院	④	名	だいがくいん	研究生院		彼は大学院に進みました	他上了研究生	37	名词·场所
マナー	①	名	manner	礼貌，礼节，规矩		テーブルマナー	就餐礼仪	37	名词·抽象概念
ロボット	①②	名	robot	机器人；自动装置		人間のようにおどるロボット	像人类一样跳舞的机器人	37	名词·抽象概念
動物園	④	名	どうぶつえん	动物园		昨日子供たちと動物園に行きました	昨天和孩子们去了动物园	37	名词·自然天气
虫	⓪	名	むし	虫子		網で虫を捕まえる	用网捉昆虫	37	名词·自然天气
ネックレス	①	名	necklace	项链		とってもきれいなネックレスね	真漂亮的项链啊	37	名词·衣物外貌
手帳	⓪	名	てちょう	笔记本，手册		新しい手帳を買いました	我买了新的笔记本	37	名词·身体健康
相手	③	名	あいて	伙伴；对方；（竞争）对手		恋の相手を探す	寻找恋爱对象	37	名词·身体健康
ジャム	①	名	jam	果酱		このイチゴでジャムを作りましょう	用这些草莓做果酱吧	37	名词·饮食
食料品	⓪③	名	しょくりょうひん	（特指主食之外的鱼肉类、蔬菜和水果等）食品		食料品の買い出しに出かける	去采购食品	37	名词·饮食
正しい	③	イ形	ただしい	正确的；正当的；端正的		正しい答え	正确的回答	37	形容词·い形
秘密	⓪	ナ形・名	ひみつ	秘密		これは秘密だよ	这可是秘密啊	37	形容词·な形
役に立つ		成句	やくにたつ	有用处，有帮助		私は人々の役に立ちたいと思っています	我想帮助人们	37	惯用表达
あと	①	名・副・接	あと	还有，另外		あと1万円必要だ	还需要一万日元	38	副词
誘う	⓪	他動1	さそう	邀请；引发		散歩に誘う	邀去散步	38	动词·一类
接待	①	名・他動3	せったい	接待，招待		客を接待する	招待客人	38	动词·三类
新幹線	③	名	しんかんせん	新干线		新幹線で京都に行きました	搭新干线去京都了	38	名词·交通出行
ボール	⓪①	名	ball	球		ボールを投げる	投球	38	名词·兴趣娱乐
趣味	①	名	しゅみ	爱好		私の趣味はテニスとスキーです	我的爱好是网球和滑雪	38	名词·兴趣娱乐
旅館	⓪	名	りょかん	日式宾馆		京都では旅館に泊まりました	在京都住了旅馆	38	名词·场所
ホーム	①	名	home	家；疗养院，招待所		マイホームを購入する	购买自己的住房	38	名词·抽象概念
一部	②	名	いちぶ	一部分；一册		計画を一部変更しましょう	我们稍微修改一下计划吧	38	名词·抽象概念
日本人	④	名	にほんじん	日本人		日本人女性と結婚する	和日本女性结婚	38	名词·社会文化
ポスター	①	名	poster	招贴，广告画，海报		ポスターをはる	贴海报	38	名词·自然天气
島	②	名	しま	岛，岛屿		日本は島国です	日本是岛国	38	名词·自然天气
リボン	①	名	ribbon	丝带，发带		髪をリボンでしばる	用发带把头发扎上	38	名词·衣物外貌
息	①	名	いき	呼吸，气息		大きく息を吸ってください	请深呼吸	38	名词·身体健康
裏	②	名	うら	背面；内幕，背后		会社の裏に公園があります	公司后面有公园	38	名词·身体健康
ハンバーグ	③	名	hamburg steak	汉堡牛肉饼，汉堡排		彼女の自慢の料理はハンバーグです	她最拿手的菜是汉堡肉饼	38	名词·饮食
メニュー	①	名	menu	菜单，选单		メニューを見せてください	请给我看菜单	38	名词·饮食
茶色い	⓪	イ形	ちゃいろい	茶色的，褐色的		泥で手が茶色くなる	手上沾满了泥土，变成了褐色	38	形容词·い形
得意	②⓪	名・ナ形	とくい	擅长，拿手		数学が得意だ	擅长数学	38	形容词·な形
最も	③①	副	もっとも	最，第一		最も好きな食べ物	最喜爱的食物	39	副词
流す	②	他動1	ながす	使流走；冲走；传播		涙を流す	流泪	39	动词·一类
輸入	⓪	名・他動3	ゆにゅう	进口		原料を輸入する	进口原料	39	动词·三类
救急車	③	名	きゅうきゅうしゃ	急救车		救急車を呼んでくれ！	快叫救护车！	39	名词·交通出行
プレゼント	②	他動3・名	present	礼物，赠品		プレゼントを贈る	送礼物	39	名词·兴趣娱乐
ペット	①	名	pet	宠物		ペットを飼う	养宠物	39	名词·抽象概念
レベル	①⓪	名	level	水平，水准		レベルが高い・低い	水平高／低	39	名词·抽象概念
距離	①	名	きょり	距离；差距		安全な距離を保つ	保持安全距离	39	名词·抽象概念
チップ	①	名	tip	小费		チップをけちる	少给小费；不给小费	39	名词·日用品
中国	①	名	ちゅうごく	中国		中国の首都ペキン	中国的首都北京	39	名词·社会文化
日	⓪①	名	ひ	太阳；白天；天		日が昇る	日出；太阳升起来了	39	名词·自然天气
力	③	名	ちから	力气；精力；能力；效力；权力		力がある	有力量	39	名词·身体健康
唇	⓪	名	くちびる	嘴唇		寒くて唇が青くなってしまった	天气太冷，嘴唇都发紫了	39	名词·身体健康
腕	②	名	うで	手臂；本领，技能		腕を組む	抱臂	39	名词·身体健康
メロン	①	名	melon	哈密瓜，甜瓜		メロンは冷たく冷やして食べるとおいしい	哈密瓜冰镇过后再吃会更美味	39	名词·饮食
全て	①	名・副	すべて	一切，所有，全部		彼に全てのことを伝えた	我把所有事情都告诉他了	39	名词·饮食
点	⓪	名・接尾	てん	点；标点；分数；方面；……件		文に点を打つ	给句子打上标点	39	名词·饮食
優しい	⓪③	イ形	やさしい	温柔的，体贴的；优美的		彼はとても優しい人です	他是个非常温柔的人	39	形容词·い形
不安	⓪	名・ナ形	ふあん	不安，焦虑		不安に感じる	感到不安	39	形容词·な形
絶対	⓪	名・副	ぜったい	绝对；决；决（不）		これは絶対の真理である	这是绝对真理	40	副词
冷蔵	⓪	名・他動3	れいぞう	冷藏		このお菓子は要冷蔵だ	这个点心要冷藏	40	动词·三类
辞める	⓪	自他動2	やめる	辞职		会社を辞めて留学に行く	辞职去留学	40	动词·二类
特急	⓪	名	とっきゅう	火速；特快列车		特急でお願いします	麻烦尽快	40	名词·交通出行
小説	⓪	名	しょうせつ	小说		私は月に３冊くらい小説を読みます	我每个月会看三本小说	40	名词·兴趣娱乐
ルール	①	名	rule	规则，制度		ルールを守る	遵守规则	40	名词·抽象概念
疑問	⓪	名	ぎもん	疑问		疑問を抱く	抱有疑问	40	名词·抽象概念
空き缶	⓪	名	あきかん	空罐		空き缶を拾う	捡空罐	40	名词·日用品
日本	②	名	にほん	日本	にっぽん	日本に留学する	到日本留学	40	名词·社会文化
土産	⓪	名	みやげ	特产，土特产		京都の土産	京都的特产	40	名词·自然天气
海岸	⓪	名	かいがん	海岸，海边		海岸を散歩しましょう	我们去海边散步吧	40	名词·自然天气
パンツ	①⓪	名	pants	裤子；短裤；内裤		彼女はスカートよりパンツが似合うね	她穿裤子比穿裙子好看呢	40	名词·衣物外貌
奥	①	名	おく	里头，内部，深处；里屋，内宅		はさみは机の奥にあった	剪刀在桌子里面	40	名词·身体健康
理由	⓪	名	りゆう	理由；借口		遅れた理由を教えてください	请告诉我迟到的理由	40	名词·身体健康
身	⓪	名	み	身体；自身；身份		身の危険を感じる	感到人身危险	40	名词·身体健康
匂い	②	名	におい	气味	臭い	いい匂いがする	有股好闻的气味	40	名词·饮食
湯	①	名	ゆ	开水，热水；洗澡水；温泉		お湯を沸かす	烧水	40	名词·饮食
美しい	④	イ形	うつくしい	美丽的；美好的		美しい景色	美丽的风景	40	形容词·い形
どういたしまして	①+④	連語	どういたしまして	不客气		「プレゼントをありがとう」「どういたしまして」	“谢谢你的礼物”“不客气”	40	惯用表达
第一	①	名・副	だいいち	第一，首先；最优秀；最重要		第一試合は9時からです	第一场比赛从九点开始	41	副词
通す	①	他動1	とおす	穿过，通过；领进；通过（考试、审议等）		窓を開けて風を通してください	请把窗户打开通风	41	动词·一类
愛する	③	他動3	あいする	爱；爱恋；爱好		子どもを愛する	疼爱孩子	41	动词·三类
進める	⓪	他動2	すすめる	使前进；推进，前进		車を進める	驱车前进	41	动词·二类
情報	⓪	名	じょうほう	情报，信息		インターネットで最新の情報を収集する	用互联网收集最新信息	41	名词·IT通信
十	①	名	とお	十；十个；十岁		一つ・二つ・三つ・四つ・五つ・六つ・七つ・八つ・九つ・十	1〜10个的说法	41	名词·其他
資料	①	名	しりょう	资料，材料		資料を集める	收集资料	41	名词·工作职场
事件	①	名	じけん	事件，案件		放火事件	纵火事件	41	名词·抽象概念
受付	⓪	名	うけつけ	受理；传达室，问讯处	受け付け	受付は9時からです	受理时间从9点开始	41	名词·抽象概念
大勢	③	名	おおぜい	许多人，大批人		大勢で食事に出かけました	我们一大群人一起出去吃饭了	41	名词·抽象概念
レインコート	④	名	raincoat	雨衣	レーンコート	雨なのでレインコートを着ました	因为下雨，我穿了雨衣	41	名词·自然天气
何度	①	名	なんど	多少次，几次；多少度，几度		何度やってもだめだった	试了几次都不行	41	名词·自然天气
〜口		名・造	〜くち	……口；股，份		非常口	安全出口	41	名词·身体健康
肌	①	名	はだ	皮肤；表皮		すべすべした肌	光滑的肌肤	41	名词·身体健康
米	②	名	こめ	稻米，大米		米をとぐ	淘米	41	名词·饮食
苦しい	③	イ形	くるしい	痛苦；困难		食べ過ぎておなかが苦しい	吃太多肚子好难受	41	形容词·い形
首になる	④	成句	くびになる	被解雇		会社を首になる	被公司开除	41	惯用表达
実は	②	副	じつは	其实，说实在的		実は、母にうそをついた	其实我跟妈妈撒了谎	42	副词
よる	⓪	自動1	よる	由于；根据；取决于	因る・拠る	不注意によって大けがをした	由于不小心受了重伤	42	动词·一类
朝寝坊	③	名・自動3	あさねぼう	早上睡懒觉		夜遅くまで起きている人はたいてい朝寝坊だ	晚上睡得晚的人大概都起床晚	42	动词·三类
知らせ	⓪	名	しらせ	通知，告示		今日、合格の知らせをもらいました	今天收到了合格通知	42	名词·IT通信
ホーム	①	名	platform	站台，月台	「プラットホーム」の略	列車がホームに進入する	列车驶入月台	42	名词·交通出行
母	①	名	はは	母，母亲，妈妈		昨日、母と話をしました	昨天和妈妈聊了天	42	名词·人物职业
機械	①②	名	きかい	机械，机器		精密機械	精密机器	42	名词·工作职场
全体	⓪	名	ぜんたい	所有，整体		全体の80パーセントが完成しました	整体完成了80％	42	名词·抽象概念
効果	①	名	こうか	效果，功效		この薬には胃を守る効果がある	这种药有保护胃的效果	42	名词·抽象概念
思い出	⓪	名	おもいで	回忆		旅行で楽しい思い出ができました	旅行中留下了美好的回忆	42	名词·抽象概念
本物	⓪	名	ほんもの	真货，真人；正式，正规		本物と偽物を見分ける	辨别真伪	42	名词·抽象概念
文化	①	名	ぶんか	文化		日本文化	日本文化	42	名词·社会文化
式	②	名・接尾	しき	式，仪式；方式，风格		式を挙げる	举行仪式／婚礼	42	名词·自然天气
葉っぱ	⓪	名	はっぱ	叶子		イチョウの葉っぱが黄金色になる	银杏树的叶子变成金黄色	42	名词·自然天气
他人	⓪	名	たにん	别人；（没有血缘关系的）外人；局外人		私は他人に住所を教えたくない	我不想告诉别人自己的住址	42	名词·身体健康
調子	⓪	名	ちょうし	音调；语气；情况；势头		バイオリンの調子を合わせる	给小提琴调音	42	名词·身体健康
味	⓪	名	あじ	味道；趣味		この料理は味が薄い	这道料理味道很淡	42	名词·饮食
不思議	⓪	名・ナ形	ふしぎ	不可思议		それはとても不思議な話だね	真是不可思议呢	42	形容词·な形
別に	⓪	副	べつに	并（不）		私は別に気になりません	我并不在意	43	副词
早起き	②	名・自動3	はやおき	早起		早起きして散歩する	早早起来散步	43	动词·三类
発見	⓪	名・他動3	はっけん	发现		新しい大陸を発見する	发现新大陆	43	动词·三类
ビデオ	①	名	video	录像，视频；录像机		私はその番組をビデオに撮った	我把那个节目录下来了	43	名词·IT通信
パトカー	③②	名	patrol car	警车	「パトロールカー」の略	パトカーが通りを走る	警车在街道上行驶	43	名词·交通出行
王	①	名	おう	国王；首领		リア王	李尔王	43	名词·人物职业
品	⓪	名・造	ひん	物品；品格		商品	商品	43	名词·抽象概念
差	⓪	名	さ	差；差别，差距		五と三との差は、二だ	五和三的差是二	43	名词·抽象概念
最大	⓪	名	さいだい	最大		これは世界最大の船です	这是世界上最大的船	43	名词·抽象概念
状態	⓪	名	じょうたい	状态，情形		ここは道の状態がとても悪いです	这里的路况非常差	43	名词·抽象概念
歴史	⓪	名	れきし	历史		私は歴史に興味があります	我对历史很有兴趣	43	名词·社会文化
景色	①	名	けしき	景色，风景		とてもいい景色だね	风景真不错啊！	43	名词·自然天气
雷	③④	名	かみなり	雷，雷电	「神鳴り」の意から	雷は夏に多い	夏天多打雷	43	名词·自然天气
頬	①	名	ほお	脸颊		ふっくらした頬	圆润的脸颊	43	名词·身体健康
納豆	③	名	なっとう	纳豆		納豆が糸を引く	纳豆拉丝了	43	名词·饮食
怖い	②	イ形	こわい	可怕的，令人害怕的		怖い顔をする	脸上显出可怕的表情	43	形容词·い形
不満	⓪	名・ナ形	ふまん	不满，不满意		私は彼のやり方には不満です	我对他的做法很不满	43	形容词·な形
断る	③	他動1	ことわる	拒绝；预先通知	「事割る」の意	注文を断る	谢绝订货	44	动词·一类
自己紹介	③	名・自動3	じこしょうかい	自我介绍		自己紹介します	（我来）自我介绍一下	44	动词·三类
切れる	②	自動2	きれる	断开；用尽；到期；头脑敏锐		縄が切れた	绳子断了	44	动词·二类
自信	⓪	名	じしん	自信，信心		自信がある	有自信	44	名词·IT通信
バス停	⓪	名	ばすてい	公共汽车站		次のバス停で降ります	我要在下一站下车	44	名词·交通出行
警察官	③④	名	けいさつかん	警察，警官		父の職業は警察官だ	父亲的职业是警官	44	名词·人物职业
技術	①	名	ぎじゅつ	技术，工艺		新しい技術を開発する	开发新技术	44	名词·工作职场
心		名・造	しん	……心		好奇心	好奇心	44	名词·抽象概念
組	②	名	くみ	……套，……副，……对；……班；……组		記念品3組	三套纪念品	44	名词·抽象概念
自動	⓪	名	じどう	自动		自動ドア	自动门	44	名词·抽象概念
自身	①	名	じしん	自己；本身		彼自身の問題だ	是他自己的问题	44	名词·抽象概念
牛	⓪	名	うし	牛		牛の乳をしぼる	挤牛奶	44	名词·自然天气
右手	⓪	名	みぎて	右手；右侧		私は右手で字を書きます	我用右手写字	44	名词·身体健康
痛み	③	名	いたみ	疼痛；悲痛，苦恼		きずの痛みがひどくなる	伤口的疼痛加剧	44	名词·身体健康
表	③	名	おもて	表面，正面		コインの表と裏	硬币的正面和背面	44	名词·饮食
眠い	⓪②	イ形	ねむい	有睡意的，犯困的		春は眠い季節だ	春天是让人犯困的季节	44	形容词·い形
無事	⓪	名・ナ形	ぶじ	平安，太平无事		無事に帰る	平安回来	44	形容词·な形
戻す	②	他動1	もどす	归还，恢复；使……倒退		図書室に本を戻す	归还图书室的书	45	动词·一类
オープン	①	ナ形・名・自他動3	open	开业；开放		店がオープンする	店铺开业	45	动词·三类
携帯	⓪	名・他動3	けいたい	携带，随身带着；（「携帯電話」の略）手机		荷物を携帯する	随身携带行李	45	动词·三类
クレジットカード	⑥	名	credit card	信用卡		クレジットカードで買い物する	使用信用卡购物	45	名词·IT通信
エスカレーター	④	名	escalator	电动扶梯		エスカレーターに乗る	乘坐电动扶梯	45	名词·住宅设备
部	①	名・接尾	ぶ	（组织部门）……部；（书、报等）……份；部分		テニス部	网球社团	45	名词·住宅设备
贈り物	⓪	名	おくりもの	礼物		すてきな贈り物をどうもありがとう	谢谢你送我这么棒的礼物	45	名词·兴趣娱乐
体育館	③④	名	たいいくかん	体育馆		体育館を使用する	使用体育馆	45	名词·场所
品物	⓪	名	しなもの	商品		その店はいろいろな品物を売っている	那家店卖着各种各样的东西	45	名词·工作职场
お願い	⓪	名	おねがい	求，请求		お願いします	拜托	45	名词·抽象概念
しまい	⓪	名	しまい	结束	仕舞い・終い	今日はこれでおしまい	今天到此为止	45	名词·抽象概念
ため	②	名	ため	有用；由于；为了	為	これは医者のためのサイトです	这是个给医生看的网站	45	名词·抽象概念
アイデア	①③	名	idea	想法，主意	アイディア	彼がいいアイデアを出したね	他提出了一个好主意呢	45	名词·抽象概念
腕時計	③	名	うでどけい	手表，腕表		腕時計をはずす	摘（下）手表	45	名词·身体健康
みそ	①	名	みそ	酱，味噌	味噌	きゅうりにみそをつけて食べたんだ	用黄瓜沾着味噌吃	45	名词·饮食
和食	⓪	名	わしょく	日式饭菜		夕飯は和食にしますか洋食にしますか	晚饭吃日餐还是吃西餐？	45	名词·饮食
夕食	⓪	名	ゆうしょく	晚饭，晚餐		夕食は鍋料理にしましょう	晚饭吃（日式）火锅吧	45	名词·饮食
詳しい	③	イ形	くわしい	详细；精通		もっと詳しく説明してください	请再详细说明一下	45	形容词·い形
確か	①	ナ形・副	たしか	确实；好像		確かに私がしました	确实是我做的	45	形容词·な形
よろしく	⓪	副	よろしく	适当地；请关照	宜しく	あなたの判断でよろしくやってください	你酌量着适当地处理吧	46	副词
減る	⓪	自動1	へる	减少；饿		体重が減る	体重减轻	46	动词·一类
看護	①	名・他動3	かんご	看护，护理		病人を看護する	护理病人	46	动词·三类
取れる	②	自動2	とれる	掉下；消除；理解；收获		シャツのボタンが取れた	衬衫的扣子掉了	46	动词·二类
電子	①	名	でんし	电子		電子音楽	电子音乐	46	名词·IT通信
ソファー	①	名	sofa	沙发		このソファーは気持ちがいい	这张沙发坐起来好舒服	46	名词·住宅设备
電子レンジ	④	名	でんしレンジ	微波炉		電子レンジで加熱する	用微波炉加热	46	名词·住宅设备
体育	①	名	たいいく	体育		体育の授業	体育课	46	名词·兴趣娱乐
マーケット	①	名	market	市场；销售市场		スーパーマーケット	超市	46	名词·工作职场
ほか	⓪	名	ほか	其他；别处	他・外	ほかに方法がありません	没有其他方法	46	名词·抽象概念
一	②	名・接頭	いち	一；第一；最初；全部		一・二・三・四・五・六・七・八・九・十	数字1〜10的叫法	46	名词·抽象概念
一員	⓪	名	いちいん	一员，一分子		ネコもうちでは家族の一員だ	猫也是我们家的一员	46	名词·抽象概念
何人	①	名	なんにん	多少人；几个人		教室には何人いますか	教室里有几个人？	46	名词·抽象概念
折り紙	②	名	おりがみ	折纸手工		折り紙で鶴を折りました	用折纸折了纸鹤	46	名词·身体健康
にんじん	⓪	名	にんじん	胡萝卜	人参	私はにんじんが嫌いだ	我讨厌胡萝卜	46	名词·饮食
八百屋	⓪	名	やおや	蔬菜水果店		八百屋でみかんを買いました	在蔬果店买了橘子	46	名词·饮食
食料	②	名	しょくりょう	（主食以外的）食物，食材		非常用食料を用意しておく	准备好紧急状态时用的食物	46	名词·饮食
珍しい	④	イ形	めずらしい	少见的，稀罕的		珍しい体験	难得的体验	46	形容词·い形
当然	⓪	ナ形・副	とうぜん	当然，理所当然		当然の結果	理所当然的结局	46	形容词·な形
やっぱり	③	副	やっぱり	果然；到底还是	「やはり」のくだけた言い方	このかばんはやっぱり偽物だ	这个包果然是假的	47	副词
生む	⓪	他動1	うむ	（産）生产，分娩；（生）产生	伝統的には「生む」だが、近年「産む」とも	子を産む	生孩子	47	动词·一类
ファクス	①	名・他動3	fax	传真；传真机	「ファックス」とも	資料をファクスしてください	请把资料传真过来	47	动词·三类
ホームページ	④	名	homepage	主页	HP	A社のホームページにアクセスする	访问A公司的主页	47	名词·IT通信
宛先	⓪	名	あてさき	收信人的姓名、地址		宛先不明	收件人不明	47	名词·IT通信
エレベーター	③	名	elevator	电梯，升降电梯		エレベーターで下に降りましょう	搭电梯下楼吧	47	名词·住宅设备
絵本	②	名	えほん	绘本，图画书		子供に絵本を読んであげる	给小孩子读绘本	47	名词·兴趣娱乐
大使館	③	名	たいしかん	大使馆		ドイツ大使館	德国大使馆	47	名词·场所
借り	⓪	名	かり	借款，欠债，赊账；欠人情		千円の借りがある	欠人一千日元	47	名词·抽象概念
動き	③	名	うごき	活动；动向		まず相手の動きを見ましょう	先观察对方的动作吧	47	名词·抽象概念
名	⓪	名	な	姓名；名称；名声；名义		自分の名をよばれる	被叫到自己的名字	47	名词·抽象概念
番	①	名	ばん	轮班顺序；看守，值班		自分の番を待つ	等着轮到自己	47	名词·抽象概念
大	①	名・接頭・接尾	だい	大；非常；出色		実物大	实际尺寸	47	名词·衣物外貌
笑顔	①	名	えがお	笑脸		赤ちゃんの笑顔はとてもかわいい	宝宝的笑容真可爱	47	名词·身体健康
ピザ	①	名	(イ) pizza	比萨		ピザを焼く	烤比萨	47	名词·饮食
場	⓪	名	ば	场所；场面		公共の場	公共场合	47	名词·饮食
かっこいい	④	イ形	かっこいい	帅气的，潇洒的		かっこいい男	帅气的男子	47	形容词·い形
大好き	①	ナ形	だいすき	非常喜欢		私は犬が大好きだ	我最喜欢狗了	47	形容词·な形
運ぶ	⓪	自他動1	はこぶ	搬运；来，去；进展		いすを２階に運んでください	请把椅子搬到二楼	48	动词·一类
過ごす	②	他動1	すごす	度过；生活；过度		冬休みを過ごす	过寒假	48	动词·一类
誕生	⓪	名・自動3	たんじょう	诞生；开始，成立		誕生日	生日	48	动词·三类
郵便	⓪	名	ゆうびん	邮政，邮件		郵便で送る	邮寄	48	名词·IT通信
電話番号	④	名	でんわばんごう	电话号码		電話番号を教えてください	请告诉我您的电话号码	48	名词·IT通信
門	①	名	もん	大门		門をとじる	关门	48	名词·住宅设备
対	①	名	たい	比，对，同		3対1で勝つ	三比一获胜	48	名词·抽象概念
死	①	名	し	死，死亡，去世，逝世		死を恐れるのは自然なことです	会害怕死亡是很自然的事	48	名词·抽象概念
無	①⓪	名・接頭	む	无，没有		そんな約束は無に等しい	那种约定等于没有	48	名词·抽象概念
和	①	名	わ	和，和平，和睦；日本，日本式的		夫婦の和	夫妇和睦	48	名词·社会文化
着付け	⓪③	名	きつけ	穿着（和服）		着物の着付けを習う	学习和服的穿着	48	名词·衣物外貌
両手	⓪	名	りょうて	双手，两手		両手を挙げて賛成する	举双手赞成	48	名词·身体健康
いちご	⓪	名	いちご	草莓	苺	このいちごはとても甘い	这个草莓非常甜	48	名词·饮食
ソース	①	名	sauce	沙司，酱料，调味汁		トマトソース	番茄酱	48	名词·饮食
土	②	名	つち	土地；土壤；地面		祖国の土を踏む	踏上祖国的土地	48	名词·饮食
恐ろしい	④	イ形	おそろしい	可怕的；惊人的		ゆうべ恐ろしい夢を見た	昨晚我做了恶梦	48	形容词·い形
速い	②	イ形	はやい	快的，迅速的		彼は走るのが速い	他跑得很快	48	形容词·い形
